window_uid,patient,edf,window_index,window_start_sec,window_end_sec,label
chb01|chb01_01.edf|0,chb01,chb01_01.edf,0,0.0,4.0,0
chb01|chb01_01.edf|1,chb01,chb01_01.edf,1,2.0,6.0,0
chb01|chb01_01.edf|2,chb01,chb01_01.edf,2,4.0,8.0,0
chb01|chb01_01.edf|3,chb01,chb01_01.edf,3,6.0,10.0,0
chb01|chb01_01.edf|4,chb01,chb01_01.edf,4,8.0,12.0,0
chb01|chb01_01.edf|5,chb01,chb01_01.edf,5,10.0,14.0,0
chb01|chb01_01.edf|6,chb01,chb01_01.edf,6,12.0,16.0,0
chb01|chb01_01.edf|7,chb01,chb01_01.edf,7,14.0,18.0,0
chb01|chb01_01.edf|8,chb01,chb01_01.edf,8,16.0,20.0,0
chb01|chb01_01.edf|9,chb01,chb01_01.edf,9,18.0,22.0,0
chb01|chb01_01.edf|10,chb01,chb01_01.edf,10,20.0,24.0,0
chb01|chb01_01.edf|11,chb01,chb01_01.edf,11,22.0,26.0,0
chb01|chb01_01.edf|12,chb01,chb01_01.edf,12,24.0,28.0,0
chb01|chb01_01.edf|13,chb01,chb01_01.edf,13,26.0,30.0,0
chb01|chb01_01.edf|14,chb01,chb01_01.edf,14,28.0,32.0,0
chb01|chb01_01.edf|15,chb01,chb01_01.edf,15,30.0,34.0,0
chb01|chb01_01.edf|16,chb01,chb01_01.edf,16,32.0,36.0,0
chb01|chb01_01.edf|17,chb01,chb01_01.edf,17,34.0,38.0,0
chb01|chb01_01.edf|18,chb01,chb01_01.edf,18,36.0,40.0,0
chb01|chb01_01.edf|19,chb01,chb01_01.edf,19,38.0,42.0,0
chb01|chb01_01.edf|20,chb01,chb01_01.edf,20,40.0,44.0,0
chb01|chb01_01.edf|21,chb01,chb01_01.edf,21,42.0,46.0,0
chb01|chb01_01.edf|22,chb01,chb01_01.edf,22,44.0,48.0,0
chb01|chb01_01.edf|23,chb01,chb01_01.edf,23,46.0,50.0,0
chb01|chb01_01.edf|24,chb01,chb01_01.edf,24,48.0,52.0,0
chb01|chb01_01.edf|25,chb01,chb01_01.edf,25,50.0,54.0,0
chb01|chb01_01.edf|26,chb01,chb01_01.edf,26,52.0,56.0,0
chb01|chb01_01.edf|27,chb01,chb01_01.edf,27,54.0,58.0,0
chb01|chb01_01.edf|28,chb01,chb01_01.edf,28,56.0,60.0,0
chb01|chb01_01.edf|29,chb01,chb01_01.edf,29,58.0,62.0,0
chb01|chb01_01.edf|30,chb01,chb01_01.edf,30,60.0,64.0,0
chb01|chb01_01.edf|31,chb01,chb01_01.edf,31,62.0,66.0,0
chb01|chb01_01.edf|32,chb01,chb01_01.edf,32,64.0,68.0,0
chb01|chb01_01.edf|33,chb01,chb01_01.edf,33,66.0,70.0,0
chb01|chb01_01.edf|34,chb01,chb01_01.edf,34,68.0,72.0,0
chb01|chb01_01.edf|35,chb01,chb01_01.edf,35,70.0,74.0,0
chb01|chb01_01.edf|36,chb01,chb01_01.edf,36,72.0,76.0,0
chb01|chb01_01.edf|37,chb01,chb01_01.edf,37,74.0,78.0,0
chb01|chb01_01.edf|38,chb01,chb01_01.edf,38,76.0,80.0,0
chb01|chb01_01.edf|39,chb01,chb01_01.edf,39,78.0,82.0,0
chb01|chb01_01.edf|40,chb01,chb01_01.edf,40,80.0,84.0,0
chb01|chb01_01.edf|41,chb01,chb01_01.edf,41,82.0,86.0,0
chb01|chb01_01.edf|42,chb01,chb01_01.edf,42,84.0,88.0,0
chb01|chb01_01.edf|43,chb01,chb01_01.edf,43,86.0,90.0,0
chb01|chb01_01.edf|44,chb01,chb01_01.edf,44,88.0,92.0,0
chb01|chb01_01.edf|45,chb01,chb01_01.edf,45,90.0,94.0,0
chb01|chb01_01.edf|46,chb01,chb01_01.edf,46,92.0,96.0,0
chb01|chb01_01.edf|47,chb01,chb01_01.edf,47,94.0,98.0,0
chb01|chb01_01.edf|48,chb01,chb01_01.edf,48,96.0,100.0,0
chb01|chb01_01.edf|49,chb01,chb01_01.edf,49,98.0,102.0,0
chb01|chb01_01.edf|50,chb01,chb01_01.edf,50,100.0,104.0,0
chb01|chb01_01.edf|51,chb01,chb01_01.edf,51,102.0,106.0,0
chb01|chb01_01.edf|52,chb01,chb01_01.edf,52,104.0,108.0,0
chb01|chb01_01.edf|53,chb01,chb01_01.edf,53,106.0,110.0,0
chb01|chb01_01.edf|54,chb01,chb01_01.edf,54,108.0,112.0,0
chb01|chb01_01.edf|55,chb01,chb01_01.edf,55,110.0,114.0,0
chb01|chb01_01.edf|56,chb01,chb01_01.edf,56,112.0,116.0,0
chb01|chb01_01.edf|57,chb01,chb01_01.edf,57,114.0,118.0,0
chb01|chb01_01.edf|58,chb01,chb01_01.edf,58,116.0,120.0,0
chb01|chb01_01.edf|59,chb01,chb01_01.edf,59,118.0,122.0,0
chb01|chb01_01.edf|60,chb01,chb01_01.edf,60,120.0,124.0,0
chb01|chb01_01.edf|61,chb01,chb01_01.edf,61,122.0,126.0,0
chb01|chb01_01.edf|62,chb01,chb01_01.edf,62,124.0,128.0,0
chb01|chb01_01.edf|63,chb01,chb01_01.edf,63,126.0,130.0,0
chb01|chb01_01.edf|64,chb01,chb01_01.edf,64,128.0,132.0,0
chb01|chb01_01.edf|65,chb01,chb01_01.edf,65,130.0,134.0,0
chb01|chb01_01.edf|66,chb01,chb01_01.edf,66,132.0,136.0,0
chb01|chb01_01.edf|67,chb01,chb01_01.edf,67,134.0,138.0,0
chb01|chb01_01.edf|68,chb01,chb01_01.edf,68,136.0,140.0,0
chb01|chb01_01.edf|69,chb01,chb01_01.edf,69,138.0,142.0,0
chb01|chb01_01.edf|70,chb01,chb01_01.edf,70,140.0,144.0,0
chb01|chb01_01.edf|71,chb01,chb01_01.edf,71,142.0,146.0,0
chb01|chb01_01.edf|72,chb01,chb01_01.edf,72,144.0,148.0,0
chb01|chb01_01.edf|73,chb01,chb01_01.edf,73,146.0,150.0,0
chb01|chb01_01.edf|74,chb01,chb01_01.edf,74,148.0,152.0,0
chb01|chb01_01.edf|75,chb01,chb01_01.edf,75,150.0,154.0,0
chb01|chb01_01.edf|76,chb01,chb01_01.edf,76,152.0,156.0,0
chb01|chb01_01.edf|77,chb01,chb01_01.edf,77,154.0,158.0,0
chb01|chb01_01.edf|78,chb01,chb01_01.edf,78,156.0,160.0,0
chb01|chb01_01.edf|79,chb01,chb01_01.edf,79,158.0,162.0,0
chb01|chb01_01.edf|80,chb01,chb01_01.edf,80,160.0,164.0,0
chb01|chb01_01.edf|81,chb01,chb01_01.edf,81,162.0,166.0,0
chb01|chb01_01.edf|82,chb01,chb01_01.edf,82,164.0,168.0,0
chb01|chb01_01.edf|83,chb01,chb01_01.edf,83,166.0,170.0,0
chb01|chb01_01.edf|84,chb01,chb01_01.edf,84,168.0,172.0,0
chb01|chb01_01.edf|85,chb01,chb01_01.edf,85,170.0,174.0,0
chb01|chb01_01.edf|86,chb01,chb01_01.edf,86,172.0,176.0,0
chb01|chb01_01.edf|87,chb01,chb01_01.edf,87,174.0,178.0,0
chb01|chb01_01.edf|88,chb01,chb01_01.edf,88,176.0,180.0,0
chb01|chb01_01.edf|89,chb01,chb01_01.edf,89,178.0,182.0,0
chb01|chb01_01.edf|90,chb01,chb01_01.edf,90,180.0,184.0,0
chb01|chb01_01.edf|91,chb01,chb01_01.edf,91,182.0,186.0,0
chb01|chb01_01.edf|92,chb01,chb01_01.edf,92,184.0,188.0,0
chb01|chb01_01.edf|93,chb01,chb01_01.edf,93,186.0,190.0,0
chb01|chb01_01.edf|94,chb01,chb01_01.edf,94,188.0,192.0,0
chb01|chb01_01.edf|95,chb01,chb01_01.edf,95,190.0,194.0,0
chb01|chb01_01.edf|96,chb01,chb01_01.edf,96,192.0,196.0,0
chb01|chb01_01.edf|97,chb01,chb01_01.edf,97,194.0,198.0,0
chb01|chb01_01.edf|98,chb01,chb01_01.edf,98,196.0,200.0,0
chb01|chb01_01.edf|99,chb01,chb01_01.edf,99,198.0,202.0,0
chb01|chb01_01.edf|100,chb01,chb01_01.edf,100,200.0,204.0,0
chb01|chb01_01.edf|101,chb01,chb01_01.edf,101,202.0,206.0,0
chb01|chb01_01.edf|102,chb01,chb01_01.edf,102,204.0,208.0,0
chb01|chb01_01.edf|103,chb01,chb01_01.edf,103,206.0,210.0,0
chb01|chb01_01.edf|104,chb01,chb01_01.edf,104,208.0,212.0,0
chb01|chb01_01.edf|105,chb01,chb01_01.edf,105,210.0,214.0,0
chb01|chb01_01.edf|106,chb01,chb01_01.edf,106,212.0,216.0,0
chb01|chb01_01.edf|107,chb01,chb01_01.edf,107,214.0,218.0,0
chb01|chb01_01.edf|108,chb01,chb01_01.edf,108,216.0,220.0,0
chb01|chb01_01.edf|109,chb01,chb01_01.edf,109,218.0,222.0,0
chb01|chb01_01.edf|110,chb01,chb01_01.edf,110,220.0,224.0,0
chb01|chb01_01.edf|111,chb01,chb01_01.edf,111,222.0,226.0,0
chb01|chb01_01.edf|112,chb01,chb01_01.edf,112,224.0,228.0,0
chb01|chb01_01.edf|113,chb01,chb01_01.edf,113,226.0,230.0,0
chb01|chb01_01.edf|114,chb01,chb01_01.edf,114,228.0,232.0,0
chb01|chb01_01.edf|115,chb01,chb01_01.edf,115,230.0,234.0,0
chb01|chb01_01.edf|116,chb01,chb01_01.edf,116,232.0,236.0,0
chb01|chb01_01.edf|117,chb01,chb01_01.edf,117,234.0,238.0,0
chb01|chb01_01.edf|118,chb01,chb01_01.edf,118,236.0,240.0,0
chb01|chb01_01.edf|119,chb01,chb01_01.edf,119,238.0,242.0,0
chb01|chb01_01.edf|120,chb01,chb01_01.edf,120,240.0,244.0,0
chb01|chb01_01.edf|121,chb01,chb01_01.edf,121,242.0,246.0,0
chb01|chb01_01.edf|122,chb01,chb01_01.edf,122,244.0,248.0,0
chb01|chb01_01.edf|123,chb01,chb01_01.edf,123,246.0,250.0,0
chb01|chb01_01.edf|124,chb01,chb01_01.edf,124,248.0,252.0,0
chb01|chb01_01.edf|125,chb01,chb01_01.edf,125,250.0,254.0,0
chb01|chb01_01.edf|126,chb01,chb01_01.edf,126,252.0,256.0,0
chb01|chb01_01.edf|127,chb01,chb01_01.edf,127,254.0,258.0,0
chb01|chb01_01.edf|128,chb01,chb01_01.edf,128,256.0,260.0,0
chb01|chb01_01.edf|129,chb01,chb01_01.edf,129,258.0,262.0,0
chb01|chb01_01.edf|130,chb01,chb01_01.edf,130,260.0,264.0,0
chb01|chb01_01.edf|131,chb01,chb01_01.edf,131,262.0,266.0,0
chb01|chb01_01.edf|132,chb01,chb01_01.edf,132,264.0,268.0,0
chb01|chb01_01.edf|133,chb01,chb01_01.edf,133,266.0,270.0,0
chb01|chb01_01.edf|134,chb01,chb01_01.edf,134,268.0,272.0,0
chb01|chb01_01.edf|135,chb01,chb01_01.edf,135,270.0,274.0,0
chb01|chb01_01.edf|136,chb01,chb01_01.edf,136,272.0,276.0,0
chb01|chb01_01.edf|137,chb01,chb01_01.edf,137,274.0,278.0,0
chb01|chb01_01.edf|138,chb01,chb01_01.edf,138,276.0,280.0,0
chb01|chb01_01.edf|139,chb01,chb01_01.edf,139,278.0,282.0,0
chb01|chb01_01.edf|140,chb01,chb01_01.edf,140,280.0,284.0,0
chb01|chb01_01.edf|141,chb01,chb01_01.edf,141,282.0,286.0,0
chb01|chb01_01.edf|142,chb01,chb01_01.edf,142,284.0,288.0,0
chb01|chb01_01.edf|143,chb01,chb01_01.edf,143,286.0,290.0,0
chb01|chb01_01.edf|144,chb01,chb01_01.edf,144,288.0,292.0,0
chb01|chb01_01.edf|145,chb01,chb01_01.edf,145,290.0,294.0,0
chb01|chb01_01.edf|146,chb01,chb01_01.edf,146,292.0,296.0,0
chb01|chb01_01.edf|147,chb01,chb01_01.edf,147,294.0,298.0,0
chb01|chb01_01.edf|148,chb01,chb01_01.edf,148,296.0,300.0,0
chb01|chb01_01.edf|149,chb01,chb01_01.edf,149,298.0,302.0,0
chb01|chb01_01.edf|150,chb01,chb01_01.edf,150,300.0,304.0,0
chb01|chb01_01.edf|151,chb01,chb01_01.edf,151,302.0,306.0,0
chb01|chb01_01.edf|152,chb01,chb01_01.edf,152,304.0,308.0,0
chb01|chb01_01.edf|153,chb01,chb01_01.edf,153,306.0,310.0,0
chb01|chb01_01.edf|154,chb01,chb01_01.edf,154,308.0,312.0,0
chb01|chb01_01.edf|155,chb01,chb01_01.edf,155,310.0,314.0,0
chb01|chb01_01.edf|156,chb01,chb01_01.edf,156,312.0,316.0,0
chb01|chb01_01.edf|157,chb01,chb01_01.edf,157,314.0,318.0,0
chb01|chb01_01.edf|158,chb01,chb01_01.edf,158,316.0,320.0,0
chb01|chb01_01.edf|159,chb01,chb01_01.edf,159,318.0,322.0,0
chb01|chb01_01.edf|160,chb01,chb01_01.edf,160,320.0,324.0,0
chb01|chb01_01.edf|161,chb01,chb01_01.edf,161,322.0,326.0,0
chb01|chb01_01.edf|162,chb01,chb01_01.edf,162,324.0,328.0,0
chb01|chb01_01.edf|163,chb01,chb01_01.edf,163,326.0,330.0,0
chb01|chb01_01.edf|164,chb01,chb01_01.edf,164,328.0,332.0,0
chb01|chb01_01.edf|165,chb01,chb01_01.edf,165,330.0,334.0,0
chb01|chb01_01.edf|166,chb01,chb01_01.edf,166,332.0,336.0,0
chb01|chb01_01.edf|167,chb01,chb01_01.edf,167,334.0,338.0,0
chb01|chb01_01.edf|168,chb01,chb01_01.edf,168,336.0,340.0,0
chb01|chb01_01.edf|169,chb01,chb01_01.edf,169,338.0,342.0,0
chb01|chb01_01.edf|170,chb01,chb01_01.edf,170,340.0,344.0,0
chb01|chb01_01.edf|171,chb01,chb01_01.edf,171,342.0,346.0,0
chb01|chb01_01.edf|172,chb01,chb01_01.edf,172,344.0,348.0,0
chb01|chb01_01.edf|173,chb01,chb01_01.edf,173,346.0,350.0,0
chb01|chb01_01.edf|174,chb01,chb01_01.edf,174,348.0,352.0,0
chb01|chb01_01.edf|175,chb01,chb01_01.edf,175,350.0,354.0,0
chb01|chb01_01.edf|176,chb01,chb01_01.edf,176,352.0,356.0,0
chb01|chb01_01.edf|177,chb01,chb01_01.edf,177,354.0,358.0,0
chb01|chb01_01.edf|178,chb01,chb01_01.edf,178,356.0,360.0,0
chb01|chb01_01.edf|179,chb01,chb01_01.edf,179,358.0,362.0,0
chb01|chb01_01.edf|180,chb01,chb01_01.edf,180,360.0,364.0,0
chb01|chb01_01.edf|181,chb01,chb01_01.edf,181,362.0,366.0,0
chb01|chb01_01.edf|182,chb01,chb01_01.edf,182,364.0,368.0,0
chb01|chb01_01.edf|183,chb01,chb01_01.edf,183,366.0,370.0,0
chb01|chb01_01.edf|184,chb01,chb01_01.edf,184,368.0,372.0,0
chb01|chb01_01.edf|185,chb01,chb01_01.edf,185,370.0,374.0,0
chb01|chb01_01.edf|186,chb01,chb01_01.edf,186,372.0,376.0,0
chb01|chb01_01.edf|187,chb01,chb01_01.edf,187,374.0,378.0,0
chb01|chb01_01.edf|188,chb01,chb01_01.edf,188,376.0,380.0,0
chb01|chb01_01.edf|189,chb01,chb01_01.edf,189,378.0,382.0,0
chb01|chb01_01.edf|190,chb01,chb01_01.edf,190,380.0,384.0,0
chb01|chb01_01.edf|191,chb01,chb01_01.edf,191,382.0,386.0,0
chb01|chb01_01.edf|192,chb01,chb01_01.edf,192,384.0,388.0,0
chb01|chb01_01.edf|193,chb01,chb01_01.edf,193,386.0,390.0,0
chb01|chb01_01.edf|194,chb01,chb01_01.edf,194,388.0,392.0,0
chb01|chb01_01.edf|195,chb01,chb01_01.edf,195,390.0,394.0,0
chb01|chb01_01.edf|196,chb01,chb01_01.edf,196,392.0,396.0,0
chb01|chb01_01.edf|197,chb01,chb01_01.edf,197,394.0,398.0,0
chb01|chb01_01.edf|198,chb01,chb01_01.edf,198,396.0,400.0,0
chb01|chb01_01.edf|199,chb01,chb01_01.edf,199,398.0,402.0,0
chb01|chb01_01.edf|200,chb01,chb01_01.edf,200,400.0,404.0,0
chb01|chb01_01.edf|201,chb01,chb01_01.edf,201,402.0,406.0,0
chb01|chb01_01.edf|202,chb01,chb01_01.edf,202,404.0,408.0,0
chb01|chb01_01.edf|203,chb01,chb01_01.edf,203,406.0,410.0,0
chb01|chb01_01.edf|204,chb01,chb01_01.edf,204,408.0,412.0,0
chb01|chb01_01.edf|205,chb01,chb01_01.edf,205,410.0,414.0,0
chb01|chb01_01.edf|206,chb01,chb01_01.edf,206,412.0,416.0,0
chb01|chb01_01.edf|207,chb01,chb01_01.edf,207,414.0,418.0,0
chb01|chb01_01.edf|208,chb01,chb01_01.edf,208,416.0,420.0,0
chb01|chb01_01.edf|209,chb01,chb01_01.edf,209,418.0,422.0,0
chb01|chb01_01.edf|210,chb01,chb01_01.edf,210,420.0,424.0,0
chb01|chb01_01.edf|211,chb01,chb01_01.edf,211,422.0,426.0,0
chb01|chb01_01.edf|212,chb01,chb01_01.edf,212,424.0,428.0,0
chb01|chb01_01.edf|213,chb01,chb01_01.edf,213,426.0,430.0,0
chb01|chb01_01.edf|214,chb01,chb01_01.edf,214,428.0,432.0,0
chb01|chb01_01.edf|215,chb01,chb01_01.edf,215,430.0,434.0,0
chb01|chb01_01.edf|216,chb01,chb01_01.edf,216,432.0,436.0,0
chb01|chb01_01.edf|217,chb01,chb01_01.edf,217,434.0,438.0,0
chb01|chb01_01.edf|218,chb01,chb01_01.edf,218,436.0,440.0,0
chb01|chb01_01.edf|219,chb01,chb01_01.edf,219,438.0,442.0,0
chb01|chb01_01.edf|220,chb01,chb01_01.edf,220,440.0,444.0,0
chb01|chb01_01.edf|221,chb01,chb01_01.edf,221,442.0,446.0,0
chb01|chb01_01.edf|222,chb01,chb01_01.edf,222,444.0,448.0,0
chb01|chb01_01.edf|223,chb01,chb01_01.edf,223,446.0,450.0,0
chb01|chb01_01.edf|224,chb01,chb01_01.edf,224,448.0,452.0,0
chb01|chb01_01.edf|225,chb01,chb01_01.edf,225,450.0,454.0,0
chb01|chb01_01.edf|226,chb01,chb01_01.edf,226,452.0,456.0,0
chb01|chb01_01.edf|227,chb01,chb01_01.edf,227,454.0,458.0,0
chb01|chb01_01.edf|228,chb01,chb01_01.edf,228,456.0,460.0,0
chb01|chb01_01.edf|229,chb01,chb01_01.edf,229,458.0,462.0,0
chb01|chb01_01.edf|230,chb01,chb01_01.edf,230,460.0,464.0,0
chb01|chb01_01.edf|231,chb01,chb01_01.edf,231,462.0,466.0,0
chb01|chb01_01.edf|232,chb01,chb01_01.edf,232,464.0,468.0,0
chb01|chb01_01.edf|233,chb01,chb01_01.edf,233,466.0,470.0,0
chb01|chb01_01.edf|234,chb01,chb01_01.edf,234,468.0,472.0,0
chb01|chb01_01.edf|235,chb01,chb01_01.edf,235,470.0,474.0,0
chb01|chb01_01.edf|236,chb01,chb01_01.edf,236,472.0,476.0,0
chb01|chb01_01.edf|237,chb01,chb01_01.edf,237,474.0,478.0,0
chb01|chb01_01.edf|238,chb01,chb01_01.edf,238,476.0,480.0,0
chb01|chb01_01.edf|239,chb01,chb01_01.edf,239,478.0,482.0,0
chb01|chb01_01.edf|240,chb01,chb01_01.edf,240,480.0,484.0,0
chb01|chb01_01.edf|241,chb01,chb01_01.edf,241,482.0,486.0,0
chb01|chb01_01.edf|242,chb01,chb01_01.edf,242,484.0,488.0,0
chb01|chb01_01.edf|243,chb01,chb01_01.edf,243,486.0,490.0,0
chb01|chb01_01.edf|244,chb01,chb01_01.edf,244,488.0,492.0,0
chb01|chb01_01.edf|245,chb01,chb01_01.edf,245,490.0,494.0,0
chb01|chb01_01.edf|246,chb01,chb01_01.edf,246,492.0,496.0,0
chb01|chb01_01.edf|247,chb01,chb01_01.edf,247,494.0,498.0,0
chb01|chb01_01.edf|248,chb01,chb01_01.edf,248,496.0,500.0,0
chb01|chb01_01.edf|249,chb01,chb01_01.edf,249,498.0,502.0,0
chb01|chb01_01.edf|250,chb01,chb01_01.edf,250,500.0,504.0,0
chb01|chb01_01.edf|251,chb01,chb01_01.edf,251,502.0,506.0,0
chb01|chb01_01.edf|252,chb01,chb01_01.edf,252,504.0,508.0,0
chb01|chb01_01.edf|253,chb01,chb01_01.edf,253,506.0,510.0,0
chb01|chb01_01.edf|254,chb01,chb01_01.edf,254,508.0,512.0,0
chb01|chb01_01.edf|255,chb01,chb01_01.edf,255,510.0,514.0,0
chb01|chb01_01.edf|256,chb01,chb01_01.edf,256,512.0,516.0,0
chb01|chb01_01.edf|257,chb01,chb01_01.edf,257,514.0,518.0,0
chb01|chb01_01.edf|258,chb01,chb01_01.edf,258,516.0,520.0,0
chb01|chb01_01.edf|259,chb01,chb01_01.edf,259,518.0,522.0,0
chb01|chb01_01.edf|260,chb01,chb01_01.edf,260,520.0,524.0,0
chb01|chb01_01.edf|261,chb01,chb01_01.edf,261,522.0,526.0,0
chb01|chb01_01.edf|262,chb01,chb01_01.edf,262,524.0,528.0,0
chb01|chb01_01.edf|263,chb01,chb01_01.edf,263,526.0,530.0,0
chb01|chb01_01.edf|264,chb01,chb01_01.edf,264,528.0,532.0,0
chb01|chb01_01.edf|265,chb01,chb01_01.edf,265,530.0,534.0,0
chb01|chb01_01.edf|266,chb01,chb01_01.edf,266,532.0,536.0,0
chb01|chb01_01.edf|267,chb01,chb01_01.edf,267,534.0,538.0,0
chb01|chb01_01.edf|268,chb01,chb01_01.edf,268,536.0,540.0,0
chb01|chb01_01.edf|269,chb01,chb01_01.edf,269,538.0,542.0,0
chb01|chb01_01.edf|270,chb01,chb01_01.edf,270,540.0,544.0,0
chb01|chb01_01.edf|271,chb01,chb01_01.edf,271,542.0,546.0,0
chb01|chb01_01.edf|272,chb01,chb01_01.edf,272,544.0,548.0,0
chb01|chb01_01.edf|273,chb01,chb01_01.edf,273,546.0,550.0,0
chb01|chb01_01.edf|274,chb01,chb01_01.edf,274,548.0,552.0,0
chb01|chb01_01.edf|275,chb01,chb01_01.edf,275,550.0,554.0,0
chb01|chb01_01.edf|276,chb01,chb01_01.edf,276,552.0,556.0,0
chb01|chb01_01.edf|277,chb01,chb01_01.edf,277,554.0,558.0,0
chb01|chb01_01.edf|278,chb01,chb01_01.edf,278,556.0,560.0,0
chb01|chb01_01.edf|279,chb01,chb01_01.edf,279,558.0,562.0,0
chb01|chb01_01.edf|280,chb01,chb01_01.edf,280,560.0,564.0,0
chb01|chb01_01.edf|281,chb01,chb01_01.edf,281,562.0,566.0,0
chb01|chb01_01.edf|282,chb01,chb01_01.edf,282,564.0,568.0,0
chb01|chb01_01.edf|283,chb01,chb01_01.edf,283,566.0,570.0,0
chb01|chb01_01.edf|284,chb01,chb01_01.edf,284,568.0,572.0,0
chb01|chb01_01.edf|285,chb01,chb01_01.edf,285,570.0,574.0,0
chb01|chb01_01.edf|286,chb01,chb01_01.edf,286,572.0,576.0,0
chb01|chb01_01.edf|287,chb01,chb01_01.edf,287,574.0,578.0,0
chb01|chb01_01.edf|288,chb01,chb01_01.edf,288,576.0,580.0,0
chb01|chb01_01.edf|289,chb01,chb01_01.edf,289,578.0,582.0,0
chb01|chb01_01.edf|290,chb01,chb01_01.edf,290,580.0,584.0,0
chb01|chb01_01.edf|291,chb01,chb01_01.edf,291,582.0,586.0,0
chb01|chb01_01.edf|292,chb01,chb01_01.edf,292,584.0,588.0,0
chb01|chb01_01.edf|293,chb01,chb01_01.edf,293,586.0,590.0,0
chb01|chb01_01.edf|294,chb01,chb01_01.edf,294,588.0,592.0,0
chb01|chb01_01.edf|295,chb01,chb01_01.edf,295,590.0,594.0,0
chb01|chb01_01.edf|296,chb01,chb01_01.edf,296,592.0,596.0,0
chb01|chb01_01.edf|297,chb01,chb01_01.edf,297,594.0,598.0,0
chb01|chb01_01.edf|298,chb01,chb01_01.edf,298,596.0,600.0,0
chb01|chb01_01.edf|299,chb01,chb01_01.edf,299,598.0,602.0,0
chb01|chb01_01.edf|300,chb01,chb01_01.edf,300,600.0,604.0,0
chb01|chb01_01.edf|301,chb01,chb01_01.edf,301,602.0,606.0,0
chb01|chb01_01.edf|302,chb01,chb01_01.edf,302,604.0,608.0,0
chb01|chb01_01.edf|303,chb01,chb01_01.edf,303,606.0,610.0,0
chb01|chb01_01.edf|304,chb01,chb01_01.edf,304,608.0,612.0,0
chb01|chb01_01.edf|305,chb01,chb01_01.edf,305,610.0,614.0,0
chb01|chb01_01.edf|306,chb01,chb01_01.edf,306,612.0,616.0,0
chb01|chb01_01.edf|307,chb01,chb01_01.edf,307,614.0,618.0,0
chb01|chb01_01.edf|308,chb01,chb01_01.edf,308,616.0,620.0,0
chb01|chb01_01.edf|309,chb01,chb01_01.edf,309,618.0,622.0,0
chb01|chb01_01.edf|310,chb01,chb01_01.edf,310,620.0,624.0,0
chb01|chb01_01.edf|311,chb01,chb01_01.edf,311,622.0,626.0,0
chb01|chb01_01.edf|312,chb01,chb01_01.edf,312,624.0,628.0,0
chb01|chb01_01.edf|313,chb01,chb01_01.edf,313,626.0,630.0,0
chb01|chb01_01.edf|314,chb01,chb01_01.edf,314,628.0,632.0,0
chb01|chb01_01.edf|315,chb01,chb01_01.edf,315,630.0,634.0,0
chb01|chb01_01.edf|316,chb01,chb01_01.edf,316,632.0,636.0,0
chb01|chb01_01.edf|317,chb01,chb01_01.edf,317,634.0,638.0,0
chb01|chb01_01.edf|318,chb01,chb01_01.edf,318,636.0,640.0,0
chb01|chb01_01.edf|319,chb01,chb01_01.edf,319,638.0,642.0,0
chb01|chb01_01.edf|320,chb01,chb01_01.edf,320,640.0,644.0,0
chb01|chb01_01.edf|321,chb01,chb01_01.edf,321,642.0,646.0,0
chb01|chb01_01.edf|322,chb01,chb01_01.edf,322,644.0,648.0,0
chb01|chb01_01.edf|323,chb01,chb01_01.edf,323,646.0,650.0,0
chb01|chb01_01.edf|324,chb01,chb01_01.edf,324,648.0,652.0,0
chb01|chb01_01.edf|325,chb01,chb01_01.edf,325,650.0,654.0,0
chb01|chb01_01.edf|326,chb01,chb01_01.edf,326,652.0,656.0,0
chb01|chb01_01.edf|327,chb01,chb01_01.edf,327,654.0,658.0,0
chb01|chb01_01.edf|328,chb01,chb01_01.edf,328,656.0,660.0,0
chb01|chb01_01.edf|329,chb01,chb01_01.edf,329,658.0,662.0,0
chb01|chb01_01.edf|330,chb01,chb01_01.edf,330,660.0,664.0,0
chb01|chb01_01.edf|331,chb01,chb01_01.edf,331,662.0,666.0,0
chb01|chb01_01.edf|332,chb01,chb01_01.edf,332,664.0,668.0,0
chb01|chb01_01.edf|333,chb01,chb01_01.edf,333,666.0,670.0,0
chb01|chb01_01.edf|334,chb01,chb01_01.edf,334,668.0,672.0,0
chb01|chb01_01.edf|335,chb01,chb01_01.edf,335,670.0,674.0,0
chb01|chb01_01.edf|336,chb01,chb01_01.edf,336,672.0,676.0,0
chb01|chb01_01.edf|337,chb01,chb01_01.edf,337,674.0,678.0,0
chb01|chb01_01.edf|338,chb01,chb01_01.edf,338,676.0,680.0,0
chb01|chb01_01.edf|339,chb01,chb01_01.edf,339,678.0,682.0,0
chb01|chb01_01.edf|340,chb01,chb01_01.edf,340,680.0,684.0,0
chb01|chb01_01.edf|341,chb01,chb01_01.edf,341,682.0,686.0,0
chb01|chb01_01.edf|342,chb01,chb01_01.edf,342,684.0,688.0,0
chb01|chb01_01.edf|343,chb01,chb01_01.edf,343,686.0,690.0,0
chb01|chb01_01.edf|344,chb01,chb01_01.edf,344,688.0,692.0,0
chb01|chb01_01.edf|345,chb01,chb01_01.edf,345,690.0,694.0,0
chb01|chb01_01.edf|346,chb01,chb01_01.edf,346,692.0,696.0,0
chb01|chb01_01.edf|347,chb01,chb01_01.edf,347,694.0,698.0,0
chb01|chb01_01.edf|348,chb01,chb01_01.edf,348,696.0,700.0,0
chb01|chb01_01.edf|349,chb01,chb01_01.edf,349,698.0,702.0,0
chb01|chb01_01.edf|350,chb01,chb01_01.edf,350,700.0,704.0,0
chb01|chb01_01.edf|351,chb01,chb01_01.edf,351,702.0,706.0,0
chb01|chb01_01.edf|352,chb01,chb01_01.edf,352,704.0,708.0,0
chb01|chb01_01.edf|353,chb01,chb01_01.edf,353,706.0,710.0,0
chb01|chb01_01.edf|354,chb01,chb01_01.edf,354,708.0,712.0,0
chb01|chb01_01.edf|355,chb01,chb01_01.edf,355,710.0,714.0,0
chb01|chb01_01.edf|356,chb01,chb01_01.edf,356,712.0,716.0,0
chb01|chb01_01.edf|357,chb01,chb01_01.edf,357,714.0,718.0,0
chb01|chb01_01.edf|358,chb01,chb01_01.edf,358,716.0,720.0,0
chb01|chb01_01.edf|359,chb01,chb01_01.edf,359,718.0,722.0,0
chb01|chb01_01.edf|360,chb01,chb01_01.edf,360,720.0,724.0,0
chb01|chb01_01.edf|361,chb01,chb01_01.edf,361,722.0,726.0,0
chb01|chb01_01.edf|362,chb01,chb01_01.edf,362,724.0,728.0,0
chb01|chb01_01.edf|363,chb01,chb01_01.edf,363,726.0,730.0,0
chb01|chb01_01.edf|364,chb01,chb01_01.edf,364,728.0,732.0,0
chb01|chb01_01.edf|365,chb01,chb01_01.edf,365,730.0,734.0,0
chb01|chb01_01.edf|366,chb01,chb01_01.edf,366,732.0,736.0,0
chb01|chb01_01.edf|367,chb01,chb01_01.edf,367,734.0,738.0,0
chb01|chb01_01.edf|368,chb01,chb01_01.edf,368,736.0,740.0,0
chb01|chb01_01.edf|369,chb01,chb01_01.edf,369,738.0,742.0,0
chb01|chb01_01.edf|370,chb01,chb01_01.edf,370,740.0,744.0,0
chb01|chb01_01.edf|371,chb01,chb01_01.edf,371,742.0,746.0,0
chb01|chb01_01.edf|372,chb01,chb01_01.edf,372,744.0,748.0,0
chb01|chb01_01.edf|373,chb01,chb01_01.edf,373,746.0,750.0,0
chb01|chb01_01.edf|374,chb01,chb01_01.edf,374,748.0,752.0,0
chb01|chb01_01.edf|375,chb01,chb01_01.edf,375,750.0,754.0,0
chb01|chb01_01.edf|376,chb01,chb01_01.edf,376,752.0,756.0,0
chb01|chb01_01.edf|377,chb01,chb01_01.edf,377,754.0,758.0,0
chb01|chb01_01.edf|378,chb01,chb01_01.edf,378,756.0,760.0,0
chb01|chb01_01.edf|379,chb01,chb01_01.edf,379,758.0,762.0,0
chb01|chb01_01.edf|380,chb01,chb01_01.edf,380,760.0,764.0,0
chb01|chb01_01.edf|381,chb01,chb01_01.edf,381,762.0,766.0,0
chb01|chb01_01.edf|382,chb01,chb01_01.edf,382,764.0,768.0,0
chb01|chb01_01.edf|383,chb01,chb01_01.edf,383,766.0,770.0,0
chb01|chb01_01.edf|384,chb01,chb01_01.edf,384,768.0,772.0,0
chb01|chb01_01.edf|385,chb01,chb01_01.edf,385,770.0,774.0,0
chb01|chb01_01.edf|386,chb01,chb01_01.edf,386,772.0,776.0,0
chb01|chb01_01.edf|387,chb01,chb01_01.edf,387,774.0,778.0,0
chb01|chb01_01.edf|388,chb01,chb01_01.edf,388,776.0,780.0,0
chb01|chb01_01.edf|389,chb01,chb01_01.edf,389,778.0,782.0,0
chb01|chb01_01.edf|390,chb01,chb01_01.edf,390,780.0,784.0,0
chb01|chb01_01.edf|391,chb01,chb01_01.edf,391,782.0,786.0,0
chb01|chb01_01.edf|392,chb01,chb01_01.edf,392,784.0,788.0,0
chb01|chb01_01.edf|393,chb01,chb01_01.edf,393,786.0,790.0,0
chb01|chb01_01.edf|394,chb01,chb01_01.edf,394,788.0,792.0,0
chb01|chb01_01.edf|395,chb01,chb01_01.edf,395,790.0,794.0,0
chb01|chb01_01.edf|396,chb01,chb01_01.edf,396,792.0,796.0,0
chb01|chb01_01.edf|397,chb01,chb01_01.edf,397,794.0,798.0,0
chb01|chb01_01.edf|398,chb01,chb01_01.edf,398,796.0,800.0,0
chb01|chb01_01.edf|399,chb01,chb01_01.edf,399,798.0,802.0,0
chb01|chb01_01.edf|400,chb01,chb01_01.edf,400,800.0,804.0,0
chb01|chb01_01.edf|401,chb01,chb01_01.edf,401,802.0,806.0,0
chb01|chb01_01.edf|402,chb01,chb01_01.edf,402,804.0,808.0,0
chb01|chb01_01.edf|403,chb01,chb01_01.edf,403,806.0,810.0,0
chb01|chb01_01.edf|404,chb01,chb01_01.edf,404,808.0,812.0,0
chb01|chb01_01.edf|405,chb01,chb01_01.edf,405,810.0,814.0,0
chb01|chb01_01.edf|406,chb01,chb01_01.edf,406,812.0,816.0,0
chb01|chb01_01.edf|407,chb01,chb01_01.edf,407,814.0,818.0,0
chb01|chb01_01.edf|408,chb01,chb01_01.edf,408,816.0,820.0,0
chb01|chb01_01.edf|409,chb01,chb01_01.edf,409,818.0,822.0,0
chb01|chb01_01.edf|410,chb01,chb01_01.edf,410,820.0,824.0,0
chb01|chb01_01.edf|411,chb01,chb01_01.edf,411,822.0,826.0,0
chb01|chb01_01.edf|412,chb01,chb01_01.edf,412,824.0,828.0,0
chb01|chb01_01.edf|413,chb01,chb01_01.edf,413,826.0,830.0,0
chb01|chb01_01.edf|414,chb01,chb01_01.edf,414,828.0,832.0,0
chb01|chb01_01.edf|415,chb01,chb01_01.edf,415,830.0,834.0,0
chb01|chb01_01.edf|416,chb01,chb01_01.edf,416,832.0,836.0,0
chb01|chb01_01.edf|417,chb01,chb01_01.edf,417,834.0,838.0,0
chb01|chb01_01.edf|418,chb01,chb01_01.edf,418,836.0,840.0,0
chb01|chb01_01.edf|419,chb01,chb01_01.edf,419,838.0,842.0,0
chb01|chb01_01.edf|420,chb01,chb01_01.edf,420,840.0,844.0,0
chb01|chb01_01.edf|421,chb01,chb01_01.edf,421,842.0,846.0,0
chb01|chb01_01.edf|422,chb01,chb01_01.edf,422,844.0,848.0,0
chb01|chb01_01.edf|423,chb01,chb01_01.edf,423,846.0,850.0,0
chb01|chb01_01.edf|424,chb01,chb01_01.edf,424,848.0,852.0,0
chb01|chb01_01.edf|425,chb01,chb01_01.edf,425,850.0,854.0,0
chb01|chb01_01.edf|426,chb01,chb01_01.edf,426,852.0,856.0,0
chb01|chb01_01.edf|427,chb01,chb01_01.edf,427,854.0,858.0,0
chb01|chb01_01.edf|428,chb01,chb01_01.edf,428,856.0,860.0,0
chb01|chb01_01.edf|429,chb01,chb01_01.edf,429,858.0,862.0,0
chb01|chb01_01.edf|430,chb01,chb01_01.edf,430,860.0,864.0,0
chb01|chb01_01.edf|431,chb01,chb01_01.edf,431,862.0,866.0,0
chb01|chb01_01.edf|432,chb01,chb01_01.edf,432,864.0,868.0,0
chb01|chb01_01.edf|433,chb01,chb01_01.edf,433,866.0,870.0,0
chb01|chb01_01.edf|434,chb01,chb01_01.edf,434,868.0,872.0,0
chb01|chb01_01.edf|435,chb01,chb01_01.edf,435,870.0,874.0,0
chb01|chb01_01.edf|436,chb01,chb01_01.edf,436,872.0,876.0,0
chb01|chb01_01.edf|437,chb01,chb01_01.edf,437,874.0,878.0,0
chb01|chb01_01.edf|438,chb01,chb01_01.edf,438,876.0,880.0,0
chb01|chb01_01.edf|439,chb01,chb01_01.edf,439,878.0,882.0,0
chb01|chb01_01.edf|440,chb01,chb01_01.edf,440,880.0,884.0,0
chb01|chb01_01.edf|441,chb01,chb01_01.edf,441,882.0,886.0,0
chb01|chb01_01.edf|442,chb01,chb01_01.edf,442,884.0,888.0,0
chb01|chb01_01.edf|443,chb01,chb01_01.edf,443,886.0,890.0,0
chb01|chb01_01.edf|444,chb01,chb01_01.edf,444,888.0,892.0,0
chb01|chb01_01.edf|445,chb01,chb01_01.edf,445,890.0,894.0,0
chb01|chb01_01.edf|446,chb01,chb01_01.edf,446,892.0,896.0,0
chb01|chb01_01.edf|447,chb01,chb01_01.edf,447,894.0,898.0,0
chb01|chb01_01.edf|448,chb01,chb01_01.edf,448,896.0,900.0,0
chb01|chb01_01.edf|449,chb01,chb01_01.edf,449,898.0,902.0,0
chb01|chb01_01.edf|450,chb01,chb01_01.edf,450,900.0,904.0,0
chb01|chb01_01.edf|451,chb01,chb01_01.edf,451,902.0,906.0,0
chb01|chb01_01.edf|452,chb01,chb01_01.edf,452,904.0,908.0,0
chb01|chb01_01.edf|453,chb01,chb01_01.edf,453,906.0,910.0,0
chb01|chb01_01.edf|454,chb01,chb01_01.edf,454,908.0,912.0,0
chb01|chb01_01.edf|455,chb01,chb01_01.edf,455,910.0,914.0,0
chb01|chb01_01.edf|456,chb01,chb01_01.edf,456,912.0,916.0,0
chb01|chb01_01.edf|457,chb01,chb01_01.edf,457,914.0,918.0,0
chb01|chb01_01.edf|458,chb01,chb01_01.edf,458,916.0,920.0,0
chb01|chb01_01.edf|459,chb01,chb01_01.edf,459,918.0,922.0,0
chb01|chb01_01.edf|460,chb01,chb01_01.edf,460,920.0,924.0,0
chb01|chb01_01.edf|461,chb01,chb01_01.edf,461,922.0,926.0,0
chb01|chb01_01.edf|462,chb01,chb01_01.edf,462,924.0,928.0,0
chb01|chb01_01.edf|463,chb01,chb01_01.edf,463,926.0,930.0,0
chb01|chb01_01.edf|464,chb01,chb01_01.edf,464,928.0,932.0,0
chb01|chb01_01.edf|465,chb01,chb01_01.edf,465,930.0,934.0,0
chb01|chb01_01.edf|466,chb01,chb01_01.edf,466,932.0,936.0,0
chb01|chb01_01.edf|467,chb01,chb01_01.edf,467,934.0,938.0,0
chb01|chb01_01.edf|468,chb01,chb01_01.edf,468,936.0,940.0,0
chb01|chb01_01.edf|469,chb01,chb01_01.edf,469,938.0,942.0,0
chb01|chb01_01.edf|470,chb01,chb01_01.edf,470,940.0,944.0,0
chb01|chb01_01.edf|471,chb01,chb01_01.edf,471,942.0,946.0,0
chb01|chb01_01.edf|472,chb01,chb01_01.edf,472,944.0,948.0,0
chb01|chb01_01.edf|473,chb01,chb01_01.edf,473,946.0,950.0,0
chb01|chb01_01.edf|474,chb01,chb01_01.edf,474,948.0,952.0,0
chb01|chb01_01.edf|475,chb01,chb01_01.edf,475,950.0,954.0,0
chb01|chb01_01.edf|476,chb01,chb01_01.edf,476,952.0,956.0,0
chb01|chb01_01.edf|477,chb01,chb01_01.edf,477,954.0,958.0,0
chb01|chb01_01.edf|478,chb01,chb01_01.edf,478,956.0,960.0,0
chb01|chb01_01.edf|479,chb01,chb01_01.edf,479,958.0,962.0,0
chb01|chb01_01.edf|480,chb01,chb01_01.edf,480,960.0,964.0,0
chb01|chb01_01.edf|481,chb01,chb01_01.edf,481,962.0,966.0,0
chb01|chb01_01.edf|482,chb01,chb01_01.edf,482,964.0,968.0,0
chb01|chb01_01.edf|483,chb01,chb01_01.edf,483,966.0,970.0,0
chb01|chb01_01.edf|484,chb01,chb01_01.edf,484,968.0,972.0,0
chb01|chb01_01.edf|485,chb01,chb01_01.edf,485,970.0,974.0,0
chb01|chb01_01.edf|486,chb01,chb01_01.edf,486,972.0,976.0,0
chb01|chb01_01.edf|487,chb01,chb01_01.edf,487,974.0,978.0,0
chb01|chb01_01.edf|488,chb01,chb01_01.edf,488,976.0,980.0,0
chb01|chb01_01.edf|489,chb01,chb01_01.edf,489,978.0,982.0,0
chb01|chb01_01.edf|490,chb01,chb01_01.edf,490,980.0,984.0,0
chb01|chb01_01.edf|491,chb01,chb01_01.edf,491,982.0,986.0,0
chb01|chb01_01.edf|492,chb01,chb01_01.edf,492,984.0,988.0,0
chb01|chb01_01.edf|493,chb01,chb01_01.edf,493,986.0,990.0,0
chb01|chb01_01.edf|494,chb01,chb01_01.edf,494,988.0,992.0,0
chb01|chb01_01.edf|495,chb01,chb01_01.edf,495,990.0,994.0,0
chb01|chb01_01.edf|496,chb01,chb01_01.edf,496,992.0,996.0,0
chb01|chb01_01.edf|497,chb01,chb01_01.edf,497,994.0,998.0,0
chb01|chb01_01.edf|498,chb01,chb01_01.edf,498,996.0,1000.0,0
chb01|chb01_01.edf|499,chb01,chb01_01.edf,499,998.0,1002.0,0
chb01|chb01_01.edf|500,chb01,chb01_01.edf,500,1000.0,1004.0,0
chb01|chb01_01.edf|501,chb01,chb01_01.edf,501,1002.0,1006.0,0
chb01|chb01_01.edf|502,chb01,chb01_01.edf,502,1004.0,1008.0,0
chb01|chb01_01.edf|503,chb01,chb01_01.edf,503,1006.0,1010.0,0
chb01|chb01_01.edf|504,chb01,chb01_01.edf,504,1008.0,1012.0,0
chb01|chb01_01.edf|505,chb01,chb01_01.edf,505,1010.0,1014.0,0
chb01|chb01_01.edf|506,chb01,chb01_01.edf,506,1012.0,1016.0,0
chb01|chb01_01.edf|507,chb01,chb01_01.edf,507,1014.0,1018.0,0
chb01|chb01_01.edf|508,chb01,chb01_01.edf,508,1016.0,1020.0,0
chb01|chb01_01.edf|509,chb01,chb01_01.edf,509,1018.0,1022.0,0
chb01|chb01_01.edf|510,chb01,chb01_01.edf,510,1020.0,1024.0,0
chb01|chb01_01.edf|511,chb01,chb01_01.edf,511,1022.0,1026.0,0
chb01|chb01_01.edf|512,chb01,chb01_01.edf,512,1024.0,1028.0,0
chb01|chb01_01.edf|513,chb01,chb01_01.edf,513,1026.0,1030.0,0
chb01|chb01_01.edf|514,chb01,chb01_01.edf,514,1028.0,1032.0,0
chb01|chb01_01.edf|515,chb01,chb01_01.edf,515,1030.0,1034.0,0
chb01|chb01_01.edf|516,chb01,chb01_01.edf,516,1032.0,1036.0,0
chb01|chb01_01.edf|517,chb01,chb01_01.edf,517,1034.0,1038.0,0
chb01|chb01_01.edf|518,chb01,chb01_01.edf,518,1036.0,1040.0,0
chb01|chb01_01.edf|519,chb01,chb01_01.edf,519,1038.0,1042.0,0
chb01|chb01_01.edf|520,chb01,chb01_01.edf,520,1040.0,1044.0,0
chb01|chb01_01.edf|521,chb01,chb01_01.edf,521,1042.0,1046.0,0
chb01|chb01_01.edf|522,chb01,chb01_01.edf,522,1044.0,1048.0,0
chb01|chb01_01.edf|523,chb01,chb01_01.edf,523,1046.0,1050.0,0
chb01|chb01_01.edf|524,chb01,chb01_01.edf,524,1048.0,1052.0,0
chb01|chb01_01.edf|525,chb01,chb01_01.edf,525,1050.0,1054.0,0
chb01|chb01_01.edf|526,chb01,chb01_01.edf,526,1052.0,1056.0,0
chb01|chb01_01.edf|527,chb01,chb01_01.edf,527,1054.0,1058.0,0
chb01|chb01_01.edf|528,chb01,chb01_01.edf,528,1056.0,1060.0,0
chb01|chb01_01.edf|529,chb01,chb01_01.edf,529,1058.0,1062.0,0
chb01|chb01_01.edf|530,chb01,chb01_01.edf,530,1060.0,1064.0,0
chb01|chb01_01.edf|531,chb01,chb01_01.edf,531,1062.0,1066.0,0
chb01|chb01_01.edf|532,chb01,chb01_01.edf,532,1064.0,1068.0,0
chb01|chb01_01.edf|533,chb01,chb01_01.edf,533,1066.0,1070.0,0
chb01|chb01_01.edf|534,chb01,chb01_01.edf,534,1068.0,1072.0,0
chb01|chb01_01.edf|535,chb01,chb01_01.edf,535,1070.0,1074.0,0
chb01|chb01_01.edf|536,chb01,chb01_01.edf,536,1072.0,1076.0,0
chb01|chb01_01.edf|537,chb01,chb01_01.edf,537,1074.0,1078.0,0
chb01|chb01_01.edf|538,chb01,chb01_01.edf,538,1076.0,1080.0,0
chb01|chb01_01.edf|539,chb01,chb01_01.edf,539,1078.0,1082.0,0
chb01|chb01_01.edf|540,chb01,chb01_01.edf,540,1080.0,1084.0,0
chb01|chb01_01.edf|541,chb01,chb01_01.edf,541,1082.0,1086.0,0
chb01|chb01_01.edf|542,chb01,chb01_01.edf,542,1084.0,1088.0,0
chb01|chb01_01.edf|543,chb01,chb01_01.edf,543,1086.0,1090.0,0
chb01|chb01_01.edf|544,chb01,chb01_01.edf,544,1088.0,1092.0,0
chb01|chb01_01.edf|545,chb01,chb01_01.edf,545,1090.0,1094.0,0
chb01|chb01_01.edf|546,chb01,chb01_01.edf,546,1092.0,1096.0,0
chb01|chb01_01.edf|547,chb01,chb01_01.edf,547,1094.0,1098.0,0
chb01|chb01_01.edf|548,chb01,chb01_01.edf,548,1096.0,1100.0,0
chb01|chb01_01.edf|549,chb01,chb01_01.edf,549,1098.0,1102.0,0
chb01|chb01_01.edf|550,chb01,chb01_01.edf,550,1100.0,1104.0,0
chb01|chb01_01.edf|551,chb01,chb01_01.edf,551,1102.0,1106.0,0
chb01|chb01_01.edf|552,chb01,chb01_01.edf,552,1104.0,1108.0,0
chb01|chb01_01.edf|553,chb01,chb01_01.edf,553,1106.0,1110.0,0
chb01|chb01_01.edf|554,chb01,chb01_01.edf,554,1108.0,1112.0,0
chb01|chb01_01.edf|555,chb01,chb01_01.edf,555,1110.0,1114.0,0
chb01|chb01_01.edf|556,chb01,chb01_01.edf,556,1112.0,1116.0,0
chb01|chb01_01.edf|557,chb01,chb01_01.edf,557,1114.0,1118.0,0
chb01|chb01_01.edf|558,chb01,chb01_01.edf,558,1116.0,1120.0,0
chb01|chb01_01.edf|559,chb01,chb01_01.edf,559,1118.0,1122.0,0
chb01|chb01_01.edf|560,chb01,chb01_01.edf,560,1120.0,1124.0,0
chb01|chb01_01.edf|561,chb01,chb01_01.edf,561,1122.0,1126.0,0
chb01|chb01_01.edf|562,chb01,chb01_01.edf,562,1124.0,1128.0,0
chb01|chb01_01.edf|563,chb01,chb01_01.edf,563,1126.0,1130.0,0
chb01|chb01_01.edf|564,chb01,chb01_01.edf,564,1128.0,1132.0,0
chb01|chb01_01.edf|565,chb01,chb01_01.edf,565,1130.0,1134.0,0
chb01|chb01_01.edf|566,chb01,chb01_01.edf,566,1132.0,1136.0,0
chb01|chb01_01.edf|567,chb01,chb01_01.edf,567,1134.0,1138.0,0
chb01|chb01_01.edf|568,chb01,chb01_01.edf,568,1136.0,1140.0,0
chb01|chb01_01.edf|569,chb01,chb01_01.edf,569,1138.0,1142.0,0
chb01|chb01_01.edf|570,chb01,chb01_01.edf,570,1140.0,1144.0,0
chb01|chb01_01.edf|571,chb01,chb01_01.edf,571,1142.0,1146.0,0
chb01|chb01_01.edf|572,chb01,chb01_01.edf,572,1144.0,1148.0,0
chb01|chb01_01.edf|573,chb01,chb01_01.edf,573,1146.0,1150.0,0
chb01|chb01_01.edf|574,chb01,chb01_01.edf,574,1148.0,1152.0,0
chb01|chb01_01.edf|575,chb01,chb01_01.edf,575,1150.0,1154.0,0
chb01|chb01_01.edf|576,chb01,chb01_01.edf,576,1152.0,1156.0,0
chb01|chb01_01.edf|577,chb01,chb01_01.edf,577,1154.0,1158.0,0
chb01|chb01_01.edf|578,chb01,chb01_01.edf,578,1156.0,1160.0,0
chb01|chb01_01.edf|579,chb01,chb01_01.edf,579,1158.0,1162.0,0
chb01|chb01_01.edf|580,chb01,chb01_01.edf,580,1160.0,1164.0,0
chb01|chb01_01.edf|581,chb01,chb01_01.edf,581,1162.0,1166.0,0
chb01|chb01_01.edf|582,chb01,chb01_01.edf,582,1164.0,1168.0,0
chb01|chb01_01.edf|583,chb01,chb01_01.edf,583,1166.0,1170.0,0
chb01|chb01_01.edf|584,chb01,chb01_01.edf,584,1168.0,1172.0,0
chb01|chb01_01.edf|585,chb01,chb01_01.edf,585,1170.0,1174.0,0
chb01|chb01_01.edf|586,chb01,chb01_01.edf,586,1172.0,1176.0,0
chb01|chb01_01.edf|587,chb01,chb01_01.edf,587,1174.0,1178.0,0
chb01|chb01_01.edf|588,chb01,chb01_01.edf,588,1176.0,1180.0,0
chb01|chb01_01.edf|589,chb01,chb01_01.edf,589,1178.0,1182.0,0
chb01|chb01_01.edf|590,chb01,chb01_01.edf,590,1180.0,1184.0,0
chb01|chb01_01.edf|591,chb01,chb01_01.edf,591,1182.0,1186.0,0
chb01|chb01_01.edf|592,chb01,chb01_01.edf,592,1184.0,1188.0,0
chb01|chb01_01.edf|593,chb01,chb01_01.edf,593,1186.0,1190.0,0
chb01|chb01_01.edf|594,chb01,chb01_01.edf,594,1188.0,1192.0,0
chb01|chb01_01.edf|595,chb01,chb01_01.edf,595,1190.0,1194.0,0
chb01|chb01_01.edf|596,chb01,chb01_01.edf,596,1192.0,1196.0,0
chb01|chb01_01.edf|597,chb01,chb01_01.edf,597,1194.0,1198.0,0
chb01|chb01_01.edf|598,chb01,chb01_01.edf,598,1196.0,1200.0,0
chb01|chb01_01.edf|599,chb01,chb01_01.edf,599,1198.0,1202.0,0
chb01|chb01_01.edf|600,chb01,chb01_01.edf,600,1200.0,1204.0,0
chb01|chb01_01.edf|601,chb01,chb01_01.edf,601,1202.0,1206.0,0
chb01|chb01_01.edf|602,chb01,chb01_01.edf,602,1204.0,1208.0,0
chb01|chb01_01.edf|603,chb01,chb01_01.edf,603,1206.0,1210.0,0
chb01|chb01_01.edf|604,chb01,chb01_01.edf,604,1208.0,1212.0,0
chb01|chb01_01.edf|605,chb01,chb01_01.edf,605,1210.0,1214.0,0
chb01|chb01_01.edf|606,chb01,chb01_01.edf,606,1212.0,1216.0,0
chb01|chb01_01.edf|607,chb01,chb01_01.edf,607,1214.0,1218.0,0
chb01|chb01_01.edf|608,chb01,chb01_01.edf,608,1216.0,1220.0,0
chb01|chb01_01.edf|609,chb01,chb01_01.edf,609,1218.0,1222.0,0
chb01|chb01_01.edf|610,chb01,chb01_01.edf,610,1220.0,1224.0,0
chb01|chb01_01.edf|611,chb01,chb01_01.edf,611,1222.0,1226.0,0
chb01|chb01_01.edf|612,chb01,chb01_01.edf,612,1224.0,1228.0,0
chb01|chb01_01.edf|613,chb01,chb01_01.edf,613,1226.0,1230.0,0
chb01|chb01_01.edf|614,chb01,chb01_01.edf,614,1228.0,1232.0,0
chb01|chb01_01.edf|615,chb01,chb01_01.edf,615,1230.0,1234.0,0
chb01|chb01_01.edf|616,chb01,chb01_01.edf,616,1232.0,1236.0,0
chb01|chb01_01.edf|617,chb01,chb01_01.edf,617,1234.0,1238.0,0
chb01|chb01_01.edf|618,chb01,chb01_01.edf,618,1236.0,1240.0,0
chb01|chb01_01.edf|619,chb01,chb01_01.edf,619,1238.0,1242.0,0
chb01|chb01_01.edf|620,chb01,chb01_01.edf,620,1240.0,1244.0,0
chb01|chb01_01.edf|621,chb01,chb01_01.edf,621,1242.0,1246.0,0
chb01|chb01_01.edf|622,chb01,chb01_01.edf,622,1244.0,1248.0,0
chb01|chb01_01.edf|623,chb01,chb01_01.edf,623,1246.0,1250.0,0
chb01|chb01_01.edf|624,chb01,chb01_01.edf,624,1248.0,1252.0,0
chb01|chb01_01.edf|625,chb01,chb01_01.edf,625,1250.0,1254.0,0
chb01|chb01_01.edf|626,chb01,chb01_01.edf,626,1252.0,1256.0,0
chb01|chb01_01.edf|627,chb01,chb01_01.edf,627,1254.0,1258.0,0
chb01|chb01_01.edf|628,chb01,chb01_01.edf,628,1256.0,1260.0,0
chb01|chb01_01.edf|629,chb01,chb01_01.edf,629,1258.0,1262.0,0
chb01|chb01_01.edf|630,chb01,chb01_01.edf,630,1260.0,1264.0,0
chb01|chb01_01.edf|631,chb01,chb01_01.edf,631,1262.0,1266.0,0
chb01|chb01_01.edf|632,chb01,chb01_01.edf,632,1264.0,1268.0,0
chb01|chb01_01.edf|633,chb01,chb01_01.edf,633,1266.0,1270.0,0
chb01|chb01_01.edf|634,chb01,chb01_01.edf,634,1268.0,1272.0,0
chb01|chb01_01.edf|635,chb01,chb01_01.edf,635,1270.0,1274.0,0
chb01|chb01_01.edf|636,chb01,chb01_01.edf,636,1272.0,1276.0,0
chb01|chb01_01.edf|637,chb01,chb01_01.edf,637,1274.0,1278.0,0
chb01|chb01_01.edf|638,chb01,chb01_01.edf,638,1276.0,1280.0,0
chb01|chb01_01.edf|639,chb01,chb01_01.edf,639,1278.0,1282.0,0
chb01|chb01_01.edf|640,chb01,chb01_01.edf,640,1280.0,1284.0,0
chb01|chb01_01.edf|641,chb01,chb01_01.edf,641,1282.0,1286.0,0
chb01|chb01_01.edf|642,chb01,chb01_01.edf,642,1284.0,1288.0,0
chb01|chb01_01.edf|643,chb01,chb01_01.edf,643,1286.0,1290.0,0
chb01|chb01_01.edf|644,chb01,chb01_01.edf,644,1288.0,1292.0,0
chb01|chb01_01.edf|645,chb01,chb01_01.edf,645,1290.0,1294.0,0
chb01|chb01_01.edf|646,chb01,chb01_01.edf,646,1292.0,1296.0,0
chb01|chb01_01.edf|647,chb01,chb01_01.edf,647,1294.0,1298.0,0
chb01|chb01_01.edf|648,chb01,chb01_01.edf,648,1296.0,1300.0,0
chb01|chb01_01.edf|649,chb01,chb01_01.edf,649,1298.0,1302.0,0
chb01|chb01_01.edf|650,chb01,chb01_01.edf,650,1300.0,1304.0,0
chb01|chb01_01.edf|651,chb01,chb01_01.edf,651,1302.0,1306.0,0
chb01|chb01_01.edf|652,chb01,chb01_01.edf,652,1304.0,1308.0,0
chb01|chb01_01.edf|653,chb01,chb01_01.edf,653,1306.0,1310.0,0
chb01|chb01_01.edf|654,chb01,chb01_01.edf,654,1308.0,1312.0,0
chb01|chb01_01.edf|655,chb01,chb01_01.edf,655,1310.0,1314.0,0
chb01|chb01_01.edf|656,chb01,chb01_01.edf,656,1312.0,1316.0,0
chb01|chb01_01.edf|657,chb01,chb01_01.edf,657,1314.0,1318.0,0
chb01|chb01_01.edf|658,chb01,chb01_01.edf,658,1316.0,1320.0,0
chb01|chb01_01.edf|659,chb01,chb01_01.edf,659,1318.0,1322.0,0
chb01|chb01_01.edf|660,chb01,chb01_01.edf,660,1320.0,1324.0,0
chb01|chb01_01.edf|661,chb01,chb01_01.edf,661,1322.0,1326.0,0
chb01|chb01_01.edf|662,chb01,chb01_01.edf,662,1324.0,1328.0,0
chb01|chb01_01.edf|663,chb01,chb01_01.edf,663,1326.0,1330.0,0
chb01|chb01_01.edf|664,chb01,chb01_01.edf,664,1328.0,1332.0,0
chb01|chb01_01.edf|665,chb01,chb01_01.edf,665,1330.0,1334.0,0
chb01|chb01_01.edf|666,chb01,chb01_01.edf,666,1332.0,1336.0,0
chb01|chb01_01.edf|667,chb01,chb01_01.edf,667,1334.0,1338.0,0
chb01|chb01_01.edf|668,chb01,chb01_01.edf,668,1336.0,1340.0,0
chb01|chb01_01.edf|669,chb01,chb01_01.edf,669,1338.0,1342.0,0
chb01|chb01_01.edf|670,chb01,chb01_01.edf,670,1340.0,1344.0,0
chb01|chb01_01.edf|671,chb01,chb01_01.edf,671,1342.0,1346.0,0
chb01|chb01_01.edf|672,chb01,chb01_01.edf,672,1344.0,1348.0,0
chb01|chb01_01.edf|673,chb01,chb01_01.edf,673,1346.0,1350.0,0
chb01|chb01_01.edf|674,chb01,chb01_01.edf,674,1348.0,1352.0,0
chb01|chb01_01.edf|675,chb01,chb01_01.edf,675,1350.0,1354.0,0
chb01|chb01_01.edf|676,chb01,chb01_01.edf,676,1352.0,1356.0,0
chb01|chb01_01.edf|677,chb01,chb01_01.edf,677,1354.0,1358.0,0
chb01|chb01_01.edf|678,chb01,chb01_01.edf,678,1356.0,1360.0,0
chb01|chb01_01.edf|679,chb01,chb01_01.edf,679,1358.0,1362.0,0
chb01|chb01_01.edf|680,chb01,chb01_01.edf,680,1360.0,1364.0,0
chb01|chb01_01.edf|681,chb01,chb01_01.edf,681,1362.0,1366.0,0
chb01|chb01_01.edf|682,chb01,chb01_01.edf,682,1364.0,1368.0,0
chb01|chb01_01.edf|683,chb01,chb01_01.edf,683,1366.0,1370.0,0
chb01|chb01_01.edf|684,chb01,chb01_01.edf,684,1368.0,1372.0,0
chb01|chb01_01.edf|685,chb01,chb01_01.edf,685,1370.0,1374.0,0
chb01|chb01_01.edf|686,chb01,chb01_01.edf,686,1372.0,1376.0,0
chb01|chb01_01.edf|687,chb01,chb01_01.edf,687,1374.0,1378.0,0
chb01|chb01_01.edf|688,chb01,chb01_01.edf,688,1376.0,1380.0,0
chb01|chb01_01.edf|689,chb01,chb01_01.edf,689,1378.0,1382.0,0
chb01|chb01_01.edf|690,chb01,chb01_01.edf,690,1380.0,1384.0,0
chb01|chb01_01.edf|691,chb01,chb01_01.edf,691,1382.0,1386.0,0
chb01|chb01_01.edf|692,chb01,chb01_01.edf,692,1384.0,1388.0,0
chb01|chb01_01.edf|693,chb01,chb01_01.edf,693,1386.0,1390.0,0
chb01|chb01_01.edf|694,chb01,chb01_01.edf,694,1388.0,1392.0,0
chb01|chb01_01.edf|695,chb01,chb01_01.edf,695,1390.0,1394.0,0
chb01|chb01_01.edf|696,chb01,chb01_01.edf,696,1392.0,1396.0,0
chb01|chb01_01.edf|697,chb01,chb01_01.edf,697,1394.0,1398.0,0
chb01|chb01_01.edf|698,chb01,chb01_01.edf,698,1396.0,1400.0,0
chb01|chb01_01.edf|699,chb01,chb01_01.edf,699,1398.0,1402.0,0
chb01|chb01_01.edf|700,chb01,chb01_01.edf,700,1400.0,1404.0,0
chb01|chb01_01.edf|701,chb01,chb01_01.edf,701,1402.0,1406.0,0
chb01|chb01_01.edf|702,chb01,chb01_01.edf,702,1404.0,1408.0,0
chb01|chb01_01.edf|703,chb01,chb01_01.edf,703,1406.0,1410.0,0
chb01|chb01_01.edf|704,chb01,chb01_01.edf,704,1408.0,1412.0,0
chb01|chb01_01.edf|705,chb01,chb01_01.edf,705,1410.0,1414.0,0
chb01|chb01_01.edf|706,chb01,chb01_01.edf,706,1412.0,1416.0,0
chb01|chb01_01.edf|707,chb01,chb01_01.edf,707,1414.0,1418.0,0
chb01|chb01_01.edf|708,chb01,chb01_01.edf,708,1416.0,1420.0,0
chb01|chb01_01.edf|709,chb01,chb01_01.edf,709,1418.0,1422.0,0
chb01|chb01_01.edf|710,chb01,chb01_01.edf,710,1420.0,1424.0,0
chb01|chb01_01.edf|711,chb01,chb01_01.edf,711,1422.0,1426.0,0
chb01|chb01_01.edf|712,chb01,chb01_01.edf,712,1424.0,1428.0,0
chb01|chb01_01.edf|713,chb01,chb01_01.edf,713,1426.0,1430.0,0
chb01|chb01_01.edf|714,chb01,chb01_01.edf,714,1428.0,1432.0,0
chb01|chb01_01.edf|715,chb01,chb01_01.edf,715,1430.0,1434.0,0
chb01|chb01_01.edf|716,chb01,chb01_01.edf,716,1432.0,1436.0,0
chb01|chb01_01.edf|717,chb01,chb01_01.edf,717,1434.0,1438.0,0
chb01|chb01_01.edf|718,chb01,chb01_01.edf,718,1436.0,1440.0,0
chb01|chb01_01.edf|719,chb01,chb01_01.edf,719,1438.0,1442.0,0
chb01|chb01_01.edf|720,chb01,chb01_01.edf,720,1440.0,1444.0,0
chb01|chb01_01.edf|721,chb01,chb01_01.edf,721,1442.0,1446.0,0
chb01|chb01_01.edf|722,chb01,chb01_01.edf,722,1444.0,1448.0,0
chb01|chb01_01.edf|723,chb01,chb01_01.edf,723,1446.0,1450.0,0
chb01|chb01_01.edf|724,chb01,chb01_01.edf,724,1448.0,1452.0,0
chb01|chb01_01.edf|725,chb01,chb01_01.edf,725,1450.0,1454.0,0
chb01|chb01_01.edf|726,chb01,chb01_01.edf,726,1452.0,1456.0,0
chb01|chb01_01.edf|727,chb01,chb01_01.edf,727,1454.0,1458.0,0
chb01|chb01_01.edf|728,chb01,chb01_01.edf,728,1456.0,1460.0,0
chb01|chb01_01.edf|729,chb01,chb01_01.edf,729,1458.0,1462.0,0
chb01|chb01_01.edf|730,chb01,chb01_01.edf,730,1460.0,1464.0,0
chb01|chb01_01.edf|731,chb01,chb01_01.edf,731,1462.0,1466.0,0
chb01|chb01_01.edf|732,chb01,chb01_01.edf,732,1464.0,1468.0,0
chb01|chb01_01.edf|733,chb01,chb01_01.edf,733,1466.0,1470.0,0
chb01|chb01_01.edf|734,chb01,chb01_01.edf,734,1468.0,1472.0,0
chb01|chb01_01.edf|735,chb01,chb01_01.edf,735,1470.0,1474.0,0
chb01|chb01_01.edf|736,chb01,chb01_01.edf,736,1472.0,1476.0,0
chb01|chb01_01.edf|737,chb01,chb01_01.edf,737,1474.0,1478.0,0
chb01|chb01_01.edf|738,chb01,chb01_01.edf,738,1476.0,1480.0,0
chb01|chb01_01.edf|739,chb01,chb01_01.edf,739,1478.0,1482.0,0
chb01|chb01_01.edf|740,chb01,chb01_01.edf,740,1480.0,1484.0,0
chb01|chb01_01.edf|741,chb01,chb01_01.edf,741,1482.0,1486.0,0
chb01|chb01_01.edf|742,chb01,chb01_01.edf,742,1484.0,1488.0,0
chb01|chb01_01.edf|743,chb01,chb01_01.edf,743,1486.0,1490.0,0
chb01|chb01_01.edf|744,chb01,chb01_01.edf,744,1488.0,1492.0,0
chb01|chb01_01.edf|745,chb01,chb01_01.edf,745,1490.0,1494.0,0
chb01|chb01_01.edf|746,chb01,chb01_01.edf,746,1492.0,1496.0,0
chb01|chb01_01.edf|747,chb01,chb01_01.edf,747,1494.0,1498.0,0
chb01|chb01_01.edf|748,chb01,chb01_01.edf,748,1496.0,1500.0,0
chb01|chb01_01.edf|749,chb01,chb01_01.edf,749,1498.0,1502.0,0
chb01|chb01_01.edf|750,chb01,chb01_01.edf,750,1500.0,1504.0,0
chb01|chb01_01.edf|751,chb01,chb01_01.edf,751,1502.0,1506.0,0
chb01|chb01_01.edf|752,chb01,chb01_01.edf,752,1504.0,1508.0,0
chb01|chb01_01.edf|753,chb01,chb01_01.edf,753,1506.0,1510.0,0
chb01|chb01_01.edf|754,chb01,chb01_01.edf,754,1508.0,1512.0,0
chb01|chb01_01.edf|755,chb01,chb01_01.edf,755,1510.0,1514.0,0
chb01|chb01_01.edf|756,chb01,chb01_01.edf,756,1512.0,1516.0,0
chb01|chb01_01.edf|757,chb01,chb01_01.edf,757,1514.0,1518.0,0
chb01|chb01_01.edf|758,chb01,chb01_01.edf,758,1516.0,1520.0,0
chb01|chb01_01.edf|759,chb01,chb01_01.edf,759,1518.0,1522.0,0
chb01|chb01_01.edf|760,chb01,chb01_01.edf,760,1520.0,1524.0,0
chb01|chb01_01.edf|761,chb01,chb01_01.edf,761,1522.0,1526.0,0
chb01|chb01_01.edf|762,chb01,chb01_01.edf,762,1524.0,1528.0,0
chb01|chb01_01.edf|763,chb01,chb01_01.edf,763,1526.0,1530.0,0
chb01|chb01_01.edf|764,chb01,chb01_01.edf,764,1528.0,1532.0,0
chb01|chb01_01.edf|765,chb01,chb01_01.edf,765,1530.0,1534.0,0
chb01|chb01_01.edf|766,chb01,chb01_01.edf,766,1532.0,1536.0,0
chb01|chb01_01.edf|767,chb01,chb01_01.edf,767,1534.0,1538.0,0
chb01|chb01_01.edf|768,chb01,chb01_01.edf,768,1536.0,1540.0,0
chb01|chb01_01.edf|769,chb01,chb01_01.edf,769,1538.0,1542.0,0
chb01|chb01_01.edf|770,chb01,chb01_01.edf,770,1540.0,1544.0,0
chb01|chb01_01.edf|771,chb01,chb01_01.edf,771,1542.0,1546.0,0
chb01|chb01_01.edf|772,chb01,chb01_01.edf,772,1544.0,1548.0,0
chb01|chb01_01.edf|773,chb01,chb01_01.edf,773,1546.0,1550.0,0
chb01|chb01_01.edf|774,chb01,chb01_01.edf,774,1548.0,1552.0,0
chb01|chb01_01.edf|775,chb01,chb01_01.edf,775,1550.0,1554.0,0
chb01|chb01_01.edf|776,chb01,chb01_01.edf,776,1552.0,1556.0,0
chb01|chb01_01.edf|777,chb01,chb01_01.edf,777,1554.0,1558.0,0
chb01|chb01_01.edf|778,chb01,chb01_01.edf,778,1556.0,1560.0,0
chb01|chb01_01.edf|779,chb01,chb01_01.edf,779,1558.0,1562.0,0
chb01|chb01_01.edf|780,chb01,chb01_01.edf,780,1560.0,1564.0,0
chb01|chb01_01.edf|781,chb01,chb01_01.edf,781,1562.0,1566.0,0
chb01|chb01_01.edf|782,chb01,chb01_01.edf,782,1564.0,1568.0,0
chb01|chb01_01.edf|783,chb01,chb01_01.edf,783,1566.0,1570.0,0
chb01|chb01_01.edf|784,chb01,chb01_01.edf,784,1568.0,1572.0,0
chb01|chb01_01.edf|785,chb01,chb01_01.edf,785,1570.0,1574.0,0
chb01|chb01_01.edf|786,chb01,chb01_01.edf,786,1572.0,1576.0,0
chb01|chb01_01.edf|787,chb01,chb01_01.edf,787,1574.0,1578.0,0
chb01|chb01_01.edf|788,chb01,chb01_01.edf,788,1576.0,1580.0,0
chb01|chb01_01.edf|789,chb01,chb01_01.edf,789,1578.0,1582.0,0
chb01|chb01_01.edf|790,chb01,chb01_01.edf,790,1580.0,1584.0,0
chb01|chb01_01.edf|791,chb01,chb01_01.edf,791,1582.0,1586.0,0
chb01|chb01_01.edf|792,chb01,chb01_01.edf,792,1584.0,1588.0,0
chb01|chb01_01.edf|793,chb01,chb01_01.edf,793,1586.0,1590.0,0
chb01|chb01_01.edf|794,chb01,chb01_01.edf,794,1588.0,1592.0,0
chb01|chb01_01.edf|795,chb01,chb01_01.edf,795,1590.0,1594.0,0
chb01|chb01_01.edf|796,chb01,chb01_01.edf,796,1592.0,1596.0,0
chb01|chb01_01.edf|797,chb01,chb01_01.edf,797,1594.0,1598.0,0
chb01|chb01_01.edf|798,chb01,chb01_01.edf,798,1596.0,1600.0,0
chb01|chb01_01.edf|799,chb01,chb01_01.edf,799,1598.0,1602.0,0
chb01|chb01_01.edf|800,chb01,chb01_01.edf,800,1600.0,1604.0,0
chb01|chb01_01.edf|801,chb01,chb01_01.edf,801,1602.0,1606.0,0
chb01|chb01_01.edf|802,chb01,chb01_01.edf,802,1604.0,1608.0,0
chb01|chb01_01.edf|803,chb01,chb01_01.edf,803,1606.0,1610.0,0
chb01|chb01_01.edf|804,chb01,chb01_01.edf,804,1608.0,1612.0,0
chb01|chb01_01.edf|805,chb01,chb01_01.edf,805,1610.0,1614.0,0
chb01|chb01_01.edf|806,chb01,chb01_01.edf,806,1612.0,1616.0,0
chb01|chb01_01.edf|807,chb01,chb01_01.edf,807,1614.0,1618.0,0
chb01|chb01_01.edf|808,chb01,chb01_01.edf,808,1616.0,1620.0,0
chb01|chb01_01.edf|809,chb01,chb01_01.edf,809,1618.0,1622.0,0
chb01|chb01_01.edf|810,chb01,chb01_01.edf,810,1620.0,1624.0,0
chb01|chb01_01.edf|811,chb01,chb01_01.edf,811,1622.0,1626.0,0
chb01|chb01_01.edf|812,chb01,chb01_01.edf,812,1624.0,1628.0,0
chb01|chb01_01.edf|813,chb01,chb01_01.edf,813,1626.0,1630.0,0
chb01|chb01_01.edf|814,chb01,chb01_01.edf,814,1628.0,1632.0,0
chb01|chb01_01.edf|815,chb01,chb01_01.edf,815,1630.0,1634.0,0
chb01|chb01_01.edf|816,chb01,chb01_01.edf,816,1632.0,1636.0,0
chb01|chb01_01.edf|817,chb01,chb01_01.edf,817,1634.0,1638.0,0
chb01|chb01_01.edf|818,chb01,chb01_01.edf,818,1636.0,1640.0,0
chb01|chb01_01.edf|819,chb01,chb01_01.edf,819,1638.0,1642.0,0
chb01|chb01_01.edf|820,chb01,chb01_01.edf,820,1640.0,1644.0,0
chb01|chb01_01.edf|821,chb01,chb01_01.edf,821,1642.0,1646.0,0
chb01|chb01_01.edf|822,chb01,chb01_01.edf,822,1644.0,1648.0,0
chb01|chb01_01.edf|823,chb01,chb01_01.edf,823,1646.0,1650.0,0
chb01|chb01_01.edf|824,chb01,chb01_01.edf,824,1648.0,1652.0,0
chb01|chb01_01.edf|825,chb01,chb01_01.edf,825,1650.0,1654.0,0
chb01|chb01_01.edf|826,chb01,chb01_01.edf,826,1652.0,1656.0,0
chb01|chb01_01.edf|827,chb01,chb01_01.edf,827,1654.0,1658.0,0
chb01|chb01_01.edf|828,chb01,chb01_01.edf,828,1656.0,1660.0,0
chb01|chb01_01.edf|829,chb01,chb01_01.edf,829,1658.0,1662.0,0
chb01|chb01_01.edf|830,chb01,chb01_01.edf,830,1660.0,1664.0,0
chb01|chb01_01.edf|831,chb01,chb01_01.edf,831,1662.0,1666.0,0
chb01|chb01_01.edf|832,chb01,chb01_01.edf,832,1664.0,1668.0,0
chb01|chb01_01.edf|833,chb01,chb01_01.edf,833,1666.0,1670.0,0
chb01|chb01_01.edf|834,chb01,chb01_01.edf,834,1668.0,1672.0,0
chb01|chb01_01.edf|835,chb01,chb01_01.edf,835,1670.0,1674.0,0
chb01|chb01_01.edf|836,chb01,chb01_01.edf,836,1672.0,1676.0,0
chb01|chb01_01.edf|837,chb01,chb01_01.edf,837,1674.0,1678.0,0
chb01|chb01_01.edf|838,chb01,chb01_01.edf,838,1676.0,1680.0,0
chb01|chb01_01.edf|839,chb01,chb01_01.edf,839,1678.0,1682.0,0
chb01|chb01_01.edf|840,chb01,chb01_01.edf,840,1680.0,1684.0,0
chb01|chb01_01.edf|841,chb01,chb01_01.edf,841,1682.0,1686.0,0
chb01|chb01_01.edf|842,chb01,chb01_01.edf,842,1684.0,1688.0,0
chb01|chb01_01.edf|843,chb01,chb01_01.edf,843,1686.0,1690.0,0
chb01|chb01_01.edf|844,chb01,chb01_01.edf,844,1688.0,1692.0,0
chb01|chb01_01.edf|845,chb01,chb01_01.edf,845,1690.0,1694.0,0
chb01|chb01_01.edf|846,chb01,chb01_01.edf,846,1692.0,1696.0,0
chb01|chb01_01.edf|847,chb01,chb01_01.edf,847,1694.0,1698.0,0
chb01|chb01_01.edf|848,chb01,chb01_01.edf,848,1696.0,1700.0,0
chb01|chb01_01.edf|849,chb01,chb01_01.edf,849,1698.0,1702.0,0
chb01|chb01_01.edf|850,chb01,chb01_01.edf,850,1700.0,1704.0,0
chb01|chb01_01.edf|851,chb01,chb01_01.edf,851,1702.0,1706.0,0
chb01|chb01_01.edf|852,chb01,chb01_01.edf,852,1704.0,1708.0,0
chb01|chb01_01.edf|853,chb01,chb01_01.edf,853,1706.0,1710.0,0
chb01|chb01_01.edf|854,chb01,chb01_01.edf,854,1708.0,1712.0,0
chb01|chb01_01.edf|855,chb01,chb01_01.edf,855,1710.0,1714.0,0
chb01|chb01_01.edf|856,chb01,chb01_01.edf,856,1712.0,1716.0,0
chb01|chb01_01.edf|857,chb01,chb01_01.edf,857,1714.0,1718.0,0
chb01|chb01_01.edf|858,chb01,chb01_01.edf,858,1716.0,1720.0,0
chb01|chb01_01.edf|859,chb01,chb01_01.edf,859,1718.0,1722.0,0
chb01|chb01_01.edf|860,chb01,chb01_01.edf,860,1720.0,1724.0,0
chb01|chb01_01.edf|861,chb01,chb01_01.edf,861,1722.0,1726.0,0
chb01|chb01_01.edf|862,chb01,chb01_01.edf,862,1724.0,1728.0,0
chb01|chb01_01.edf|863,chb01,chb01_01.edf,863,1726.0,1730.0,0
chb01|chb01_01.edf|864,chb01,chb01_01.edf,864,1728.0,1732.0,0
chb01|chb01_01.edf|865,chb01,chb01_01.edf,865,1730.0,1734.0,0
chb01|chb01_01.edf|866,chb01,chb01_01.edf,866,1732.0,1736.0,0
chb01|chb01_01.edf|867,chb01,chb01_01.edf,867,1734.0,1738.0,0
chb01|chb01_01.edf|868,chb01,chb01_01.edf,868,1736.0,1740.0,0
chb01|chb01_01.edf|869,chb01,chb01_01.edf,869,1738.0,1742.0,0
chb01|chb01_01.edf|870,chb01,chb01_01.edf,870,1740.0,1744.0,0
chb01|chb01_01.edf|871,chb01,chb01_01.edf,871,1742.0,1746.0,0
chb01|chb01_01.edf|872,chb01,chb01_01.edf,872,1744.0,1748.0,0
chb01|chb01_01.edf|873,chb01,chb01_01.edf,873,1746.0,1750.0,0
chb01|chb01_01.edf|874,chb01,chb01_01.edf,874,1748.0,1752.0,0
chb01|chb01_01.edf|875,chb01,chb01_01.edf,875,1750.0,1754.0,0
chb01|chb01_01.edf|876,chb01,chb01_01.edf,876,1752.0,1756.0,0
chb01|chb01_01.edf|877,chb01,chb01_01.edf,877,1754.0,1758.0,0
chb01|chb01_01.edf|878,chb01,chb01_01.edf,878,1756.0,1760.0,0
chb01|chb01_01.edf|879,chb01,chb01_01.edf,879,1758.0,1762.0,0
chb01|chb01_01.edf|880,chb01,chb01_01.edf,880,1760.0,1764.0,0
chb01|chb01_01.edf|881,chb01,chb01_01.edf,881,1762.0,1766.0,0
chb01|chb01_01.edf|882,chb01,chb01_01.edf,882,1764.0,1768.0,0
chb01|chb01_01.edf|883,chb01,chb01_01.edf,883,1766.0,1770.0,0
chb01|chb01_01.edf|884,chb01,chb01_01.edf,884,1768.0,1772.0,0
chb01|chb01_01.edf|885,chb01,chb01_01.edf,885,1770.0,1774.0,0
chb01|chb01_01.edf|886,chb01,chb01_01.edf,886,1772.0,1776.0,0
chb01|chb01_01.edf|887,chb01,chb01_01.edf,887,1774.0,1778.0,0
chb01|chb01_01.edf|888,chb01,chb01_01.edf,888,1776.0,1780.0,0
chb01|chb01_01.edf|889,chb01,chb01_01.edf,889,1778.0,1782.0,0
chb01|chb01_01.edf|890,chb01,chb01_01.edf,890,1780.0,1784.0,0
chb01|chb01_01.edf|891,chb01,chb01_01.edf,891,1782.0,1786.0,0
chb01|chb01_01.edf|892,chb01,chb01_01.edf,892,1784.0,1788.0,0
chb01|chb01_01.edf|893,chb01,chb01_01.edf,893,1786.0,1790.0,0
chb01|chb01_01.edf|894,chb01,chb01_01.edf,894,1788.0,1792.0,0
chb01|chb01_01.edf|895,chb01,chb01_01.edf,895,1790.0,1794.0,0
chb01|chb01_01.edf|896,chb01,chb01_01.edf,896,1792.0,1796.0,0
chb01|chb01_01.edf|897,chb01,chb01_01.edf,897,1794.0,1798.0,0
chb01|chb01_01.edf|898,chb01,chb01_01.edf,898,1796.0,1800.0,0
chb01|chb01_01.edf|899,chb01,chb01_01.edf,899,1798.0,1802.0,0
chb01|chb01_01.edf|900,chb01,chb01_01.edf,900,1800.0,1804.0,0
chb01|chb01_01.edf|901,chb01,chb01_01.edf,901,1802.0,1806.0,0
chb01|chb01_01.edf|902,chb01,chb01_01.edf,902,1804.0,1808.0,0
chb01|chb01_01.edf|903,chb01,chb01_01.edf,903,1806.0,1810.0,0
chb01|chb01_01.edf|904,chb01,chb01_01.edf,904,1808.0,1812.0,0
chb01|chb01_01.edf|905,chb01,chb01_01.edf,905,1810.0,1814.0,0
chb01|chb01_01.edf|906,chb01,chb01_01.edf,906,1812.0,1816.0,0
chb01|chb01_01.edf|907,chb01,chb01_01.edf,907,1814.0,1818.0,0
chb01|chb01_01.edf|908,chb01,chb01_01.edf,908,1816.0,1820.0,0
chb01|chb01_01.edf|909,chb01,chb01_01.edf,909,1818.0,1822.0,0
chb01|chb01_01.edf|910,chb01,chb01_01.edf,910,1820.0,1824.0,0
chb01|chb01_01.edf|911,chb01,chb01_01.edf,911,1822.0,1826.0,0
chb01|chb01_01.edf|912,chb01,chb01_01.edf,912,1824.0,1828.0,0
chb01|chb01_01.edf|913,chb01,chb01_01.edf,913,1826.0,1830.0,0
chb01|chb01_01.edf|914,chb01,chb01_01.edf,914,1828.0,1832.0,0
chb01|chb01_01.edf|915,chb01,chb01_01.edf,915,1830.0,1834.0,0
chb01|chb01_01.edf|916,chb01,chb01_01.edf,916,1832.0,1836.0,0
chb01|chb01_01.edf|917,chb01,chb01_01.edf,917,1834.0,1838.0,0
chb01|chb01_01.edf|918,chb01,chb01_01.edf,918,1836.0,1840.0,0
chb01|chb01_01.edf|919,chb01,chb01_01.edf,919,1838.0,1842.0,0
chb01|chb01_01.edf|920,chb01,chb01_01.edf,920,1840.0,1844.0,0
chb01|chb01_01.edf|921,chb01,chb01_01.edf,921,1842.0,1846.0,0
chb01|chb01_01.edf|922,chb01,chb01_01.edf,922,1844.0,1848.0,0
chb01|chb01_01.edf|923,chb01,chb01_01.edf,923,1846.0,1850.0,0
chb01|chb01_01.edf|924,chb01,chb01_01.edf,924,1848.0,1852.0,0
chb01|chb01_01.edf|925,chb01,chb01_01.edf,925,1850.0,1854.0,0
chb01|chb01_01.edf|926,chb01,chb01_01.edf,926,1852.0,1856.0,0
chb01|chb01_01.edf|927,chb01,chb01_01.edf,927,1854.0,1858.0,0
chb01|chb01_01.edf|928,chb01,chb01_01.edf,928,1856.0,1860.0,0
chb01|chb01_01.edf|929,chb01,chb01_01.edf,929,1858.0,1862.0,0
chb01|chb01_01.edf|930,chb01,chb01_01.edf,930,1860.0,1864.0,0
chb01|chb01_01.edf|931,chb01,chb01_01.edf,931,1862.0,1866.0,0
chb01|chb01_01.edf|932,chb01,chb01_01.edf,932,1864.0,1868.0,0
chb01|chb01_01.edf|933,chb01,chb01_01.edf,933,1866.0,1870.0,0
chb01|chb01_01.edf|934,chb01,chb01_01.edf,934,1868.0,1872.0,0
chb01|chb01_01.edf|935,chb01,chb01_01.edf,935,1870.0,1874.0,0
chb01|chb01_01.edf|936,chb01,chb01_01.edf,936,1872.0,1876.0,0
chb01|chb01_01.edf|937,chb01,chb01_01.edf,937,1874.0,1878.0,0
chb01|chb01_01.edf|938,chb01,chb01_01.edf,938,1876.0,1880.0,0
chb01|chb01_01.edf|939,chb01,chb01_01.edf,939,1878.0,1882.0,0
chb01|chb01_01.edf|940,chb01,chb01_01.edf,940,1880.0,1884.0,0
chb01|chb01_01.edf|941,chb01,chb01_01.edf,941,1882.0,1886.0,0
chb01|chb01_01.edf|942,chb01,chb01_01.edf,942,1884.0,1888.0,0
chb01|chb01_01.edf|943,chb01,chb01_01.edf,943,1886.0,1890.0,0
chb01|chb01_01.edf|944,chb01,chb01_01.edf,944,1888.0,1892.0,0
chb01|chb01_01.edf|945,chb01,chb01_01.edf,945,1890.0,1894.0,0
chb01|chb01_01.edf|946,chb01,chb01_01.edf,946,1892.0,1896.0,0
chb01|chb01_01.edf|947,chb01,chb01_01.edf,947,1894.0,1898.0,0
chb01|chb01_01.edf|948,chb01,chb01_01.edf,948,1896.0,1900.0,0
chb01|chb01_01.edf|949,chb01,chb01_01.edf,949,1898.0,1902.0,0
chb01|chb01_01.edf|950,chb01,chb01_01.edf,950,1900.0,1904.0,0
chb01|chb01_01.edf|951,chb01,chb01_01.edf,951,1902.0,1906.0,0
chb01|chb01_01.edf|952,chb01,chb01_01.edf,952,1904.0,1908.0,0
chb01|chb01_01.edf|953,chb01,chb01_01.edf,953,1906.0,1910.0,0
chb01|chb01_01.edf|954,chb01,chb01_01.edf,954,1908.0,1912.0,0
chb01|chb01_01.edf|955,chb01,chb01_01.edf,955,1910.0,1914.0,0
chb01|chb01_01.edf|956,chb01,chb01_01.edf,956,1912.0,1916.0,0
chb01|chb01_01.edf|957,chb01,chb01_01.edf,957,1914.0,1918.0,0
chb01|chb01_01.edf|958,chb01,chb01_01.edf,958,1916.0,1920.0,0
chb01|chb01_01.edf|959,chb01,chb01_01.edf,959,1918.0,1922.0,0
chb01|chb01_01.edf|960,chb01,chb01_01.edf,960,1920.0,1924.0,0
chb01|chb01_01.edf|961,chb01,chb01_01.edf,961,1922.0,1926.0,0
chb01|chb01_01.edf|962,chb01,chb01_01.edf,962,1924.0,1928.0,0
chb01|chb01_01.edf|963,chb01,chb01_01.edf,963,1926.0,1930.0,0
chb01|chb01_01.edf|964,chb01,chb01_01.edf,964,1928.0,1932.0,0
chb01|chb01_01.edf|965,chb01,chb01_01.edf,965,1930.0,1934.0,0
chb01|chb01_01.edf|966,chb01,chb01_01.edf,966,1932.0,1936.0,0
chb01|chb01_01.edf|967,chb01,chb01_01.edf,967,1934.0,1938.0,0
chb01|chb01_01.edf|968,chb01,chb01_01.edf,968,1936.0,1940.0,0
chb01|chb01_01.edf|969,chb01,chb01_01.edf,969,1938.0,1942.0,0
chb01|chb01_01.edf|970,chb01,chb01_01.edf,970,1940.0,1944.0,0
chb01|chb01_01.edf|971,chb01,chb01_01.edf,971,1942.0,1946.0,0
chb01|chb01_01.edf|972,chb01,chb01_01.edf,972,1944.0,1948.0,0
chb01|chb01_01.edf|973,chb01,chb01_01.edf,973,1946.0,1950.0,0
chb01|chb01_01.edf|974,chb01,chb01_01.edf,974,1948.0,1952.0,0
chb01|chb01_01.edf|975,chb01,chb01_01.edf,975,1950.0,1954.0,0
chb01|chb01_01.edf|976,chb01,chb01_01.edf,976,1952.0,1956.0,0
chb01|chb01_01.edf|977,chb01,chb01_01.edf,977,1954.0,1958.0,0
chb01|chb01_01.edf|978,chb01,chb01_01.edf,978,1956.0,1960.0,0
chb01|chb01_01.edf|979,chb01,chb01_01.edf,979,1958.0,1962.0,0
chb01|chb01_01.edf|980,chb01,chb01_01.edf,980,1960.0,1964.0,0
chb01|chb01_01.edf|981,chb01,chb01_01.edf,981,1962.0,1966.0,0
chb01|chb01_01.edf|982,chb01,chb01_01.edf,982,1964.0,1968.0,0
chb01|chb01_01.edf|983,chb01,chb01_01.edf,983,1966.0,1970.0,0
chb01|chb01_01.edf|984,chb01,chb01_01.edf,984,1968.0,1972.0,0
chb01|chb01_01.edf|985,chb01,chb01_01.edf,985,1970.0,1974.0,0
chb01|chb01_01.edf|986,chb01,chb01_01.edf,986,1972.0,1976.0,0
chb01|chb01_01.edf|987,chb01,chb01_01.edf,987,1974.0,1978.0,0
chb01|chb01_01.edf|988,chb01,chb01_01.edf,988,1976.0,1980.0,0
chb01|chb01_01.edf|989,chb01,chb01_01.edf,989,1978.0,1982.0,0
chb01|chb01_01.edf|990,chb01,chb01_01.edf,990,1980.0,1984.0,0
chb01|chb01_01.edf|991,chb01,chb01_01.edf,991,1982.0,1986.0,0
chb01|chb01_01.edf|992,chb01,chb01_01.edf,992,1984.0,1988.0,0
chb01|chb01_01.edf|993,chb01,chb01_01.edf,993,1986.0,1990.0,0
chb01|chb01_01.edf|994,chb01,chb01_01.edf,994,1988.0,1992.0,0
chb01|chb01_01.edf|995,chb01,chb01_01.edf,995,1990.0,1994.0,0
chb01|chb01_01.edf|996,chb01,chb01_01.edf,996,1992.0,1996.0,0
chb01|chb01_01.edf|997,chb01,chb01_01.edf,997,1994.0,1998.0,0
chb01|chb01_01.edf|998,chb01,chb01_01.edf,998,1996.0,2000.0,0
chb01|chb01_01.edf|999,chb01,chb01_01.edf,999,1998.0,2002.0,0
