feature,mean_ks,max_ks,patient_count,stability_score
alpha_power_max,0.2363788,0.296331,5,0.7636212
alpha_power_max_lag1,0.24296639999999997,0.297688,5,0.7570336
alpha_power_max_lag3,0.2421262,0.28945,5,0.7578738
alpha_power_max_rolling_mean_5,0.269584,0.303103,5,0.730416
alpha_power_max_stability_5,0.1696812,0.201989,5,0.8303188
alpha_power_mean,0.22941479999999997,0.410604,5,0.7705852
alpha_power_mean_lag1,0.22947920000000002,0.413163,5,0.7705208
alpha_power_mean_lag3,0.2295832,0.406307,5,0.7704168
alpha_power_mean_rolling_mean_5,0.2501978,0.406985,5,0.7498022
alpha_power_mean_stability_5,0.13388640000000002,0.188234,5,0.8661136
alpha_power_std,0.23800600000000002,0.265426,5,0.761994
alpha_power_std_lag1,0.23461860000000004,0.273625,5,0.7653814
alpha_power_std_lag3,0.23182460000000002,0.278902,5,0.7681754
alpha_power_std_rolling_mean_5,0.260619,0.299796,5,0.7393810000000001
alpha_power_std_stability_5,0.1722788,0.205215,5,0.8277212
alpha_relative_max,0.2141584,0.422628,5,0.7858416
alpha_relative_max_lag1,0.2153944,0.428299,5,0.7846056
alpha_relative_max_lag3,0.2153272,0.430742,5,0.7846728000000001
alpha_relative_max_rolling_mean_5,0.2583288,0.49684,5,0.7416712
alpha_relative_max_stability_5,0.1066888,0.198497,5,0.8933112
alpha_relative_mean,0.2789984,0.380183,5,0.7210016
alpha_relative_mean_lag1,0.275729,0.374652,5,0.724271
alpha_relative_mean_lag3,0.2792136,0.382513,5,0.7207863999999999
alpha_relative_mean_rolling_mean_5,0.3148566,0.398342,5,0.6851434000000001
alpha_relative_mean_stability_5,0.1229322,0.226183,5,0.8770678
alpha_relative_std,0.23350100000000001,0.460968,5,0.766499
alpha_relative_std_lag1,0.23173059999999998,0.460214,5,0.7682694
alpha_relative_std_lag3,0.23360379999999997,0.463398,5,0.7663962
alpha_relative_std_rolling_mean_5,0.28105820000000004,0.529882,5,0.7189418
alpha_relative_std_stability_5,0.12100340000000001,0.220261,5,0.8789966
beta_power_max,0.25835179999999996,0.448779,5,0.7416482
beta_power_max_lag1,0.2557852,0.450301,5,0.7442148
beta_power_max_lag3,0.2554174,0.442,5,0.7445826
beta_power_max_rolling_mean_5,0.2780066,0.492151,5,0.7219934
beta_power_max_stability_5,0.1857996,0.358054,5,0.8142004
beta_power_mean,0.2471832,0.480592,5,0.7528168
beta_power_mean_lag1,0.24831240000000002,0.464634,5,0.7516876
beta_power_mean_lag3,0.2466494,0.480199,5,0.7533506
beta_power_mean_rolling_mean_5,0.26810039999999996,0.452055,5,0.7318996
beta_power_mean_stability_5,0.14627079999999998,0.254165,5,0.8537292000000001
beta_power_std,0.246377,0.443908,5,0.7536229999999999
beta_power_std_lag1,0.24725000000000003,0.454022,5,0.75275
beta_power_std_lag3,0.2479768,0.448764,5,0.7520232
beta_power_std_rolling_mean_5,0.26762600000000003,0.490773,5,0.732374
beta_power_std_stability_5,0.172123,0.354619,5,0.827877
beta_relative_max,0.32470600000000005,0.632302,5,0.675294
beta_relative_max_lag1,0.3251814,0.632421,5,0.6748186
beta_relative_max_lag3,0.32329240000000004,0.637283,5,0.6767076
beta_relative_max_rolling_mean_5,0.3602544,0.684793,5,0.6397456
beta_relative_max_stability_5,0.1166634,0.268426,5,0.8833366
beta_relative_mean,0.27967960000000003,0.465063,5,0.7203204
beta_relative_mean_lag1,0.2802844,0.4619,5,0.7197156
beta_relative_mean_lag3,0.2809686,0.470266,5,0.7190314
beta_relative_mean_rolling_mean_5,0.3026556,0.484651,5,0.6973444
beta_relative_mean_stability_5,0.1313488,0.280463,5,0.8686512
beta_relative_std,0.31022059999999996,0.569964,5,0.6897794
beta_relative_std_lag1,0.31024440000000003,0.565414,5,0.6897556
beta_relative_std_lag3,0.30930739999999995,0.573915,5,0.6906926
beta_relative_std_rolling_mean_5,0.3388694,0.598678,5,0.6611306
beta_relative_std_stability_5,0.11198699999999999,0.31476,5,0.888013
delta_power_max,0.22809680000000002,0.380507,5,0.7719032
delta_power_max_lag1,0.2296262,0.385894,5,0.7703738
delta_power_max_lag3,0.2280056,0.388936,5,0.7719944
delta_power_max_rolling_mean_5,0.251029,0.398463,5,0.748971
delta_power_max_stability_5,0.15143420000000002,0.204398,5,0.8485658
delta_power_mean,0.2616004,0.473285,5,0.7383995999999999
delta_power_mean_lag1,0.2655484,0.477841,5,0.7344516
delta_power_mean_lag3,0.26055039999999996,0.472993,5,0.7394496
delta_power_mean_rolling_mean_5,0.2850256,0.509947,5,0.7149744
delta_power_mean_stability_5,0.163831,0.250393,5,0.8361689999999999
delta_power_std,0.22970959999999999,0.388399,5,0.7702904
delta_power_std_lag1,0.22794920000000002,0.383622,5,0.7720507999999999
delta_power_std_lag3,0.230246,0.393127,5,0.769754
delta_power_std_rolling_mean_5,0.24925239999999999,0.376983,5,0.7507476
delta_power_std_stability_5,0.1531092,0.202162,5,0.8468907999999999
delta_relative_max,0.2851656,0.466528,5,0.7148344
delta_relative_max_lag1,0.2860298,0.468944,5,0.7139702
delta_relative_max_lag3,0.282552,0.459464,5,0.717448
delta_relative_max_rolling_mean_5,0.3722222,0.637197,5,0.6277778
delta_relative_max_stability_5,0.1936536,0.353652,5,0.8063464
delta_relative_mean,0.3590176,0.698255,5,0.6409824
delta_relative_mean_lag1,0.3632792,0.699284,5,0.6367208
delta_relative_mean_lag3,0.36023679999999997,0.697319,5,0.6397632
delta_relative_mean_rolling_mean_5,0.4072112,0.783488,5,0.5927888
delta_relative_mean_stability_5,0.11050580000000002,0.193153,5,0.8894942
delta_relative_std,0.275589,0.360914,5,0.724411
delta_relative_std_lag1,0.2734314,0.3545,5,0.7265686
delta_relative_std_lag3,0.2749244,0.362329,5,0.7250756
delta_relative_std_rolling_mean_5,0.3311018,0.430448,5,0.6688982
delta_relative_std_stability_5,0.1563252,0.224256,5,0.8436748000000001
elapsed_time_fraction,0.00785,0.008447,5,0.99215
gamma_power_max,0.2568948,0.506918,5,0.7431052
gamma_power_max_lag1,0.2576474,0.502947,5,0.7423526
gamma_power_max_lag3,0.2596408,0.507283,5,0.7403592
gamma_power_max_rolling_mean_5,0.2628042,0.493512,5,0.7371958000000001
gamma_power_max_stability_5,0.2196224,0.393179,5,0.7803776
gamma_power_mean,0.23255900000000002,0.454252,5,0.767441
gamma_power_mean_lag1,0.23527899999999996,0.456939,5,0.764721
gamma_power_mean_lag3,0.2355684,0.464096,5,0.7644316
gamma_power_mean_rolling_mean_5,0.24558400000000002,0.468998,5,0.754416
gamma_power_mean_stability_5,0.19840460000000001,0.353984,5,0.8015954
gamma_power_std,0.24406280000000002,0.499325,5,0.7559372
gamma_power_std_lag1,0.25104380000000004,0.515148,5,0.7489562
gamma_power_std_lag3,0.2424604,0.492468,5,0.7575396
gamma_power_std_rolling_mean_5,0.25594700000000004,0.499999,5,0.744053
gamma_power_std_stability_5,0.20892280000000002,0.387066,5,0.7910771999999999
gamma_relative_max,0.2695436,0.509524,5,0.7304564
gamma_relative_max_lag1,0.2676598,0.498911,5,0.7323402
gamma_relative_max_lag3,0.26712220000000003,0.493732,5,0.7328778
gamma_relative_max_rolling_mean_5,0.2833752,0.499238,5,0.7166248
gamma_relative_max_stability_5,0.1755816,0.368774,5,0.8244184
gamma_relative_mean,0.26091980000000004,0.461046,5,0.7390802
gamma_relative_mean_lag1,0.2625646,0.456624,5,0.7374354000000001
gamma_relative_mean_lag3,0.2621646,0.455067,5,0.7378354
gamma_relative_mean_rolling_mean_5,0.27397900000000003,0.462603,5,0.726021
gamma_relative_mean_stability_5,0.1683064,0.356721,5,0.8316936
gamma_relative_std,0.2688712,0.497926,5,0.7311288
gamma_relative_std_lag1,0.2680326,0.483989,5,0.7319674
gamma_relative_std_lag3,0.2654136,0.493017,5,0.7345864
gamma_relative_std_rolling_mean_5,0.2858498,0.495081,5,0.7141502
gamma_relative_std_stability_5,0.178286,0.376097,5,0.821714
higuchi_fd_max,0.3073924,0.675218,5,0.6926076
higuchi_fd_max_lag1,0.30371380000000003,0.67466,5,0.6962862
higuchi_fd_max_lag3,0.3053126,0.671931,5,0.6946874000000001
higuchi_fd_max_rolling_mean_5,0.31796260000000004,0.689216,5,0.6820374
higuchi_fd_max_stability_5,0.087504,0.12953,5,0.912496
higuchi_fd_mean,0.2750168,0.663238,5,0.7249832
higuchi_fd_mean_lag1,0.2723158,0.657695,5,0.7276842
higuchi_fd_mean_lag3,0.27370039999999995,0.660781,5,0.7262996
higuchi_fd_mean_rolling_mean_5,0.2825464,0.673087,5,0.7174536
higuchi_fd_mean_stability_5,0.052585599999999996,0.147985,5,0.9474144
higuchi_fd_std,0.3128148,0.592745,5,0.6871852
higuchi_fd_std_lag1,0.31027400000000005,0.575231,5,0.689726
higuchi_fd_std_lag3,0.312172,0.58431,5,0.687828
higuchi_fd_std_rolling_mean_5,0.31593400000000005,0.575845,5,0.684066
higuchi_fd_std_stability_5,0.045763,0.054418,5,0.954237
iqr_max,0.24387119999999998,0.357285,5,0.7561288
iqr_max_lag1,0.24590419999999996,0.356284,5,0.7540958
iqr_max_lag3,0.24860859999999999,0.367782,5,0.7513914
iqr_max_rolling_mean_5,0.2599684,0.376224,5,0.7400316
iqr_max_stability_5,0.0998224,0.165592,5,0.9001776
iqr_mean,0.35667740000000003,0.499338,5,0.6433226
iqr_mean_lag1,0.3547766,0.501626,5,0.6452234
iqr_mean_lag3,0.352997,0.499424,5,0.647003
iqr_mean_rolling_mean_5,0.3607392,0.520683,5,0.6392608
iqr_mean_stability_5,0.1099416,0.207853,5,0.8900584
iqr_std,0.21806200000000003,0.316759,5,0.781938
iqr_std_lag1,0.22050640000000002,0.323129,5,0.7794936
iqr_std_lag3,0.2186122,0.322457,5,0.7813878
iqr_std_rolling_mean_5,0.23205499999999998,0.348964,5,0.767945
iqr_std_stability_5,0.0953004,0.145357,5,0.9046996
line_length_max,0.3199898,0.53328,5,0.6800102
line_length_max_lag1,0.31992960000000004,0.535694,5,0.6800704
line_length_max_lag3,0.3196506,0.520688,5,0.6803494
line_length_max_rolling_mean_5,0.323942,0.534016,5,0.676058
line_length_max_stability_5,0.1858202,0.282676,5,0.8141798
line_length_mean,0.25011459999999996,0.452972,5,0.7498854
line_length_mean_lag1,0.2495468,0.455844,5,0.7504531999999999
line_length_mean_lag3,0.25010699999999997,0.447272,5,0.749893
line_length_mean_rolling_mean_5,0.25272379999999994,0.454787,5,0.7472762000000001
line_length_mean_stability_5,0.11844600000000001,0.2122,5,0.881554
line_length_std,0.2996946,0.581283,5,0.7003054
line_length_std_lag1,0.2978886,0.580218,5,0.7021113999999999
line_length_std_lag3,0.2989306,0.576318,5,0.7010694
line_length_std_rolling_mean_5,0.3023302,0.574818,5,0.6976698
line_length_std_stability_5,0.165156,0.323714,5,0.834844
mad_max,0.250605,0.367511,5,0.749395
mad_max_lag1,0.24450639999999998,0.359928,5,0.7554936
mad_max_lag3,0.2519842,0.369799,5,0.7480158
mad_max_rolling_mean_5,0.2597258,0.384395,5,0.7402742
mad_max_stability_5,0.10282899999999999,0.175185,5,0.897171
mad_mean,0.3526948,0.497155,5,0.6473052
mad_mean_lag1,0.3555526,0.499968,5,0.6444474
mad_mean_lag3,0.3534788,0.494354,5,0.6465212
mad_mean_rolling_mean_5,0.3731322,0.532847,5,0.6268678
mad_mean_stability_5,0.10616220000000001,0.197281,5,0.8938378
mad_std,0.2202798,0.319871,5,0.7797202
mad_std_lag1,0.22176680000000001,0.328915,5,0.7782332
mad_std_lag3,0.2230758,0.334786,5,0.7769242000000001
mad_std_rolling_mean_5,0.2326164,0.347895,5,0.7673836
mad_std_stability_5,0.097545,0.144687,5,0.902455
max_max,0.16524060000000002,0.273095,5,0.8347594
max_max_lag1,0.166567,0.275758,5,0.833433
max_max_lag3,0.16616599999999998,0.275607,5,0.833834
max_max_rolling_mean_5,0.171453,0.294643,5,0.828547
max_max_stability_5,0.085136,0.185152,5,0.914864
max_mean,0.2381824,0.353127,5,0.7618176
max_mean_lag1,0.24125860000000002,0.364849,5,0.7587414
max_mean_lag3,0.23833859999999998,0.351326,5,0.7616614
max_mean_rolling_mean_5,0.2369134,0.373461,5,0.7630866000000001
max_mean_stability_5,0.093031,0.159901,5,0.906969
max_std,0.1640856,0.320809,5,0.8359144000000001
max_std_lag1,0.1622064,0.312959,5,0.8377936
max_std_lag3,0.166079,0.324187,5,0.833921
max_std_rolling_mean_5,0.1744434,0.362044,5,0.8255566
max_std_stability_5,0.09413780000000001,0.216848,5,0.9058622
mean_max,0.1149068,0.172234,5,0.8850932
mean_max_lag1,0.1131538,0.166319,5,0.8868462
mean_max_lag3,0.11198280000000001,0.159162,5,0.8880172
mean_max_rolling_mean_5,0.14349119999999999,0.198414,5,0.8565088000000001
mean_max_stability_5,0.08330800000000001,0.118842,5,0.916692
mean_mean,0.053334400000000004,0.076198,5,0.9466656
mean_mean_lag1,0.054561000000000005,0.080569,5,0.945439
mean_mean_lag3,0.0518354,0.075871,5,0.9481646
mean_mean_rolling_mean_5,0.051809799999999996,0.070451,5,0.9481902
mean_mean_stability_5,0.0961638,0.142479,5,0.9038362
mean_std,0.1372098,0.205425,5,0.8627902000000001
mean_std_lag1,0.138825,0.213086,5,0.861175
mean_std_lag3,0.1369242,0.208202,5,0.8630758000000001
mean_std_rolling_mean_5,0.159163,0.22821,5,0.8408370000000001
mean_std_stability_5,0.0829716,0.11275,5,0.9170284
min_max,0.3601264,0.501631,5,0.6398736
min_max_lag1,0.355153,0.496304,5,0.644847
min_max_lag3,0.3690114,0.511757,5,0.6309886
min_max_rolling_mean_5,0.3841742,0.539801,5,0.6158258
min_max_stability_5,0.119439,0.200181,5,0.880561
min_mean,0.2609804,0.385153,5,0.7390196
min_mean_lag1,0.2646216,0.390384,5,0.7353784
min_mean_lag3,0.2630198,0.38744,5,0.7369802
min_mean_rolling_mean_5,0.2660648,0.396348,5,0.7339352
min_mean_stability_5,0.0861256,0.117235,5,0.9138744
min_std,0.17249140000000002,0.269407,5,0.8275086
min_std_lag1,0.1741452,0.270921,5,0.8258548
min_std_lag3,0.17265619999999998,0.2752,5,0.8273438
min_std_rolling_mean_5,0.18279340000000002,0.306115,5,0.8172066
min_std_stability_5,0.1001566,0.18791,5,0.8998434
normalized_window_index,0.0095608,0.009785,5,0.9904392
perm_entropy_max,0.3141432,0.648002,5,0.6858568
perm_entropy_max_lag1,0.31446,0.649045,5,0.68554
perm_entropy_max_lag3,0.31265339999999997,0.642523,5,0.6873466
perm_entropy_max_rolling_mean_5,0.3270688,0.665007,5,0.6729312000000001
perm_entropy_max_stability_5,0.21167799999999998,0.421929,5,0.788322
perm_entropy_mean,0.3149718,0.62829,5,0.6850282
perm_entropy_mean_lag1,0.3159724,0.631169,5,0.6840276000000001
perm_entropy_mean_lag3,0.3147226,0.627496,5,0.6852773999999999
perm_entropy_mean_rolling_mean_5,0.31976,0.631411,5,0.68024
perm_entropy_mean_stability_5,0.1486446,0.265064,5,0.8513554
perm_entropy_std,0.2609932,0.412142,5,0.7390068000000001
perm_entropy_std_lag1,0.2607872,0.412039,5,0.7392128
perm_entropy_std_lag3,0.2603958,0.411799,5,0.7396042
perm_entropy_std_rolling_mean_5,0.2742562,0.4248,5,0.7257438
perm_entropy_std_stability_5,0.07273779999999999,0.135138,5,0.9272622
petrosian_fd_max,0.312977,0.647772,5,0.6870229999999999
petrosian_fd_max_lag1,0.3142766,0.649393,5,0.6857234
petrosian_fd_max_lag3,0.3136088,0.646773,5,0.6863912
petrosian_fd_max_rolling_mean_5,0.32497,0.658686,5,0.67503
petrosian_fd_max_stability_5,0.14464660000000001,0.248674,5,0.8553534
petrosian_fd_mean,0.305592,0.63039,5,0.694408
petrosian_fd_mean_lag1,0.3047432,0.634019,5,0.6952568
petrosian_fd_mean_lag3,0.30661900000000003,0.637583,5,0.693381
petrosian_fd_mean_rolling_mean_5,0.310363,0.636512,5,0.6896370000000001
petrosian_fd_mean_stability_5,0.08628480000000001,0.198557,5,0.9137152
petrosian_fd_std,0.2425862,0.530498,5,0.7574138
petrosian_fd_std_lag1,0.24044859999999998,0.518898,5,0.7595514
petrosian_fd_std_lag3,0.2396922,0.523555,5,0.7603078
petrosian_fd_std_rolling_mean_5,0.2510412,0.535127,5,0.7489588
petrosian_fd_std_stability_5,0.036559799999999996,0.061811,5,0.9634402
ptp_max,0.1764498,0.253399,5,0.8235502
ptp_max_lag1,0.17337819999999998,0.247713,5,0.8266218000000001
ptp_max_lag3,0.1754712,0.247492,5,0.8245288
ptp_max_rolling_mean_5,0.1801756,0.270165,5,0.8198244
ptp_max_stability_5,0.09424,0.181453,5,0.90576
ptp_mean,0.2490806,0.365626,5,0.7509194
ptp_mean_lag1,0.2534934,0.374064,5,0.7465066
ptp_mean_lag3,0.250156,0.367913,5,0.749844
ptp_mean_rolling_mean_5,0.2554844,0.396233,5,0.7445155999999999
ptp_mean_stability_5,0.09256020000000001,0.136067,5,0.9074398
ptp_std,0.17191879999999998,0.31825,5,0.8280812
ptp_std_lag1,0.1703934,0.306558,5,0.8296066
ptp_std_lag3,0.1699368,0.311136,5,0.8300632
ptp_std_rolling_mean_5,0.1745838,0.352788,5,0.8254162
ptp_std_stability_5,0.0946936,0.201918,5,0.9053064
relative_position_in_edf,0.006013200000000001,0.006167,5,0.9939868
remaining_time_fraction,0.0056558,0.005694,5,0.9943442
rms_max,0.1805812,0.242057,5,0.8194188
rms_max_lag1,0.1768652,0.241857,5,0.8231348
rms_max_lag3,0.1820636,0.248128,5,0.8179364
rms_max_rolling_mean_5,0.18842679999999998,0.27242,5,0.8115732
rms_max_stability_5,0.0895136,0.106673,5,0.9104864
rms_mean,0.2940922,0.436662,5,0.7059078
rms_mean_lag1,0.2859864,0.42657,5,0.7140136
rms_mean_lag3,0.28885879999999997,0.433128,5,0.7111412
rms_mean_rolling_mean_5,0.300163,0.470148,5,0.699837
rms_mean_stability_5,0.088232,0.122429,5,0.911768
rms_std,0.1647092,0.220649,5,0.8352908
rms_std_lag1,0.1622892,0.224569,5,0.8377108
rms_std_lag3,0.1644284,0.225975,5,0.8355716
rms_std_rolling_mean_5,0.173272,0.225893,5,0.826728
rms_std_stability_5,0.101465,0.149821,5,0.898535
sample_entropy_max,0.2827654,0.713942,5,0.7172346
sample_entropy_max_lag1,0.2821136,0.713449,5,0.7178864
sample_entropy_max_lag3,0.2830508,0.716778,5,0.7169492
sample_entropy_max_rolling_mean_5,0.29799359999999997,0.734927,5,0.7020064
sample_entropy_max_stability_5,0.0951782,0.19418,5,0.9048218
sample_entropy_mean,0.28124760000000004,0.718741,5,0.7187524
sample_entropy_mean_lag1,0.282024,0.713762,5,0.717976
sample_entropy_mean_lag3,0.28251780000000004,0.720255,5,0.7174822
sample_entropy_mean_rolling_mean_5,0.2909238,0.738318,5,0.7090761999999999
sample_entropy_mean_stability_5,0.1324818,0.323859,5,0.8675182
sample_entropy_std,0.2845318,0.672137,5,0.7154682
sample_entropy_std_lag1,0.28543219999999997,0.676738,5,0.7145678
sample_entropy_std_lag3,0.287821,0.679788,5,0.712179
sample_entropy_std_rolling_mean_5,0.29934859999999996,0.684431,5,0.7006514
sample_entropy_std_stability_5,0.09227880000000001,0.271722,5,0.9077212
spectral_entropy_max,0.355882,0.662473,5,0.644118
spectral_entropy_max_lag1,0.35227200000000003,0.660552,5,0.647728
spectral_entropy_max_lag3,0.3536136,0.659859,5,0.6463864
spectral_entropy_max_rolling_mean_5,0.36318520000000004,0.666618,5,0.6368148
spectral_entropy_max_stability_5,0.07727880000000001,0.10985,5,0.9227212
spectral_entropy_mean,0.3021308,0.683155,5,0.6978692
spectral_entropy_mean_lag1,0.30089740000000004,0.679069,5,0.6991026
spectral_entropy_mean_lag3,0.3013374,0.680126,5,0.6986626
spectral_entropy_mean_rolling_mean_5,0.3152926,0.714248,5,0.6847074
spectral_entropy_mean_stability_5,0.10131839999999999,0.205985,5,0.8986816
spectral_entropy_std,0.24797860000000002,0.515275,5,0.7520214
spectral_entropy_std_lag1,0.251716,0.521746,5,0.748284
spectral_entropy_std_lag3,0.25043380000000004,0.521811,5,0.7495662
spectral_entropy_std_rolling_mean_5,0.2702984,0.546947,5,0.7297016000000001
spectral_entropy_std_stability_5,0.0725914,0.188217,5,0.9274086
std_max,0.1837202,0.251372,5,0.8162798
std_max_lag1,0.1804172,0.252414,5,0.8195828000000001
std_max_lag3,0.1835242,0.252,5,0.8164758
std_max_rolling_mean_5,0.19129919999999997,0.26947,5,0.8087008
std_max_stability_5,0.0894122,0.106327,5,0.9105878000000001
std_mean,0.2879492,0.426269,5,0.7120508
std_mean_lag1,0.29060800000000003,0.433164,5,0.709392
std_mean_lag3,0.2849624,0.422449,5,0.7150376
std_mean_rolling_mean_5,0.2967634,0.467648,5,0.7032366
std_mean_stability_5,0.0857756,0.120704,5,0.9142244
std_std,0.16748400000000002,0.233175,5,0.832516
std_std_lag1,0.1661166,0.229606,5,0.8338833999999999
std_std_lag3,0.1665066,0.226477,5,0.8334934
std_std_rolling_mean_5,0.1729222,0.237288,5,0.8270778
std_std_stability_5,0.10572060000000001,0.159271,5,0.8942794
theta_power_max,0.2626476,0.334078,5,0.7373524
theta_power_max_lag1,0.2660256,0.340843,5,0.7339744
theta_power_max_lag3,0.2668064,0.340201,5,0.7331936
theta_power_max_rolling_mean_5,0.28847259999999997,0.367015,5,0.7115274
theta_power_max_stability_5,0.15121400000000002,0.219964,5,0.848786
theta_power_mean,0.3258072,0.448956,5,0.6741927999999999
theta_power_mean_lag1,0.3284634,0.454612,5,0.6715366
theta_power_mean_lag3,0.3275924,0.453213,5,0.6724076
theta_power_mean_rolling_mean_5,0.3542334,0.492826,5,0.6457666
theta_power_mean_stability_5,0.1845862,0.263992,5,0.8154138
theta_power_std,0.264449,0.338584,5,0.7355510000000001
theta_power_std_lag1,0.2644136,0.334331,5,0.7355864
theta_power_std_lag3,0.2604248,0.323917,5,0.7395752
theta_power_std_rolling_mean_5,0.2804126,0.350227,5,0.7195874
theta_power_std_stability_5,0.15433059999999998,0.224138,5,0.8456694
theta_relative_max,0.2752816,0.42896,5,0.7247184
theta_relative_max_lag1,0.2717388,0.423267,5,0.7282611999999999
theta_relative_max_lag3,0.26779959999999997,0.416128,5,0.7322004
theta_relative_max_rolling_mean_5,0.3505132,0.504418,5,0.6494868
theta_relative_max_stability_5,0.043406600000000004,0.058117,5,0.9565934
theta_relative_mean,0.4021972,0.534655,5,0.5978028
theta_relative_mean_lag1,0.3886832,0.516701,5,0.6113168
theta_relative_mean_lag3,0.3906154,0.5214,5,0.6093846
theta_relative_mean_rolling_mean_5,0.4472252,0.586238,5,0.5527748
theta_relative_mean_stability_5,0.0866892,0.134751,5,0.9133108
theta_relative_std,0.2087752,0.363982,5,0.7912248
theta_relative_std_lag1,0.21677780000000002,0.37639,5,0.7832222
theta_relative_std_lag3,0.2145702,0.371603,5,0.7854298
theta_relative_std_rolling_mean_5,0.27134460000000005,0.451675,5,0.7286554
theta_relative_std_stability_5,0.04587,0.085083,5,0.95413
variance_max,0.183162,0.248957,5,0.816838
variance_max_lag1,0.1835512,0.251423,5,0.8164488
variance_max_lag3,0.18045660000000002,0.247085,5,0.8195433999999999
variance_max_rolling_mean_5,0.18190820000000002,0.259441,5,0.8180917999999999
variance_max_stability_5,0.1138178,0.131701,5,0.8861822
variance_mean,0.24808,0.374771,5,0.75192
variance_mean_lag1,0.2512358,0.377613,5,0.7487642
variance_mean_lag3,0.24642239999999999,0.375279,5,0.7535776000000001
variance_mean_rolling_mean_5,0.251268,0.398561,5,0.748732
variance_mean_stability_5,0.1172636,0.173413,5,0.8827364
variance_std,0.1736094,0.239638,5,0.8263906
variance_std_lag1,0.1775562,0.244867,5,0.8224438000000001
variance_std_lag3,0.1763744,0.241797,5,0.8236256
variance_std_rolling_mean_5,0.176529,0.241304,5,0.8234710000000001
variance_std_stability_5,0.11360600000000001,0.13352,5,0.886394
wavelet_energy_0_max,0.20953499999999997,0.329271,5,0.790465
wavelet_energy_0_max_lag1,0.212857,0.337306,5,0.787143
wavelet_energy_0_max_lag3,0.2148362,0.339863,5,0.7851638
wavelet_energy_0_max_rolling_mean_5,0.22524099999999997,0.335377,5,0.774759
wavelet_energy_0_max_stability_5,0.11997739999999998,0.148078,5,0.8800226
wavelet_energy_0_mean,0.2563602,0.445485,5,0.7436398
wavelet_energy_0_mean_lag1,0.2572832,0.441899,5,0.7427168
wavelet_energy_0_mean_lag3,0.2532056,0.438992,5,0.7467944
wavelet_energy_0_mean_rolling_mean_5,0.2628782,0.461933,5,0.7371217999999999
wavelet_energy_0_mean_stability_5,0.1330154,0.183678,5,0.8669846
wavelet_energy_0_std,0.2130058,0.331399,5,0.7869942
wavelet_energy_0_std_lag1,0.2125464,0.327007,5,0.7874536
wavelet_energy_0_std_lag3,0.2130354,0.319998,5,0.7869646
wavelet_energy_0_std_rolling_mean_5,0.2206284,0.319463,5,0.7793715999999999
wavelet_energy_0_std_stability_5,0.1208584,0.138612,5,0.8791416
wavelet_energy_1_max,0.2628238,0.330671,5,0.7371762
wavelet_energy_1_max_lag1,0.26477300000000004,0.318751,5,0.735227
wavelet_energy_1_max_lag3,0.2613974,0.328008,5,0.7386026
wavelet_energy_1_max_rolling_mean_5,0.271785,0.344881,5,0.7282150000000001
wavelet_energy_1_max_stability_5,0.1521928,0.244413,5,0.8478072
wavelet_energy_1_mean,0.3321468,0.442355,5,0.6678531999999999
wavelet_energy_1_mean_lag1,0.3312348,0.442645,5,0.6687652
wavelet_energy_1_mean_lag3,0.3285018,0.436369,5,0.6714982
wavelet_energy_1_mean_rolling_mean_5,0.35094159999999996,0.471969,5,0.6490584
wavelet_energy_1_mean_stability_5,0.1732194,0.242196,5,0.8267806
wavelet_energy_1_std,0.2624616,0.327431,5,0.7375384
wavelet_energy_1_std_lag1,0.2581678,0.344856,5,0.7418321999999999
wavelet_energy_1_std_lag3,0.25987140000000003,0.334934,5,0.7401286
wavelet_energy_1_std_rolling_mean_5,0.266879,0.354638,5,0.733121
wavelet_energy_1_std_stability_5,0.1540186,0.254197,5,0.8459814
wavelet_energy_2_max,0.27711119999999995,0.357452,5,0.7228888
wavelet_energy_2_max_lag1,0.2793,0.356162,5,0.7207
wavelet_energy_2_max_lag3,0.28306580000000003,0.350385,5,0.7169342
wavelet_energy_2_max_rolling_mean_5,0.2843312,0.359861,5,0.7156688
wavelet_energy_2_max_stability_5,0.1890828,0.254391,5,0.8109172
wavelet_energy_2_mean,0.2544476,0.486736,5,0.7455524
wavelet_energy_2_mean_lag1,0.256366,0.492634,5,0.743634
wavelet_energy_2_mean_lag3,0.252551,0.47549,5,0.747449
wavelet_energy_2_mean_rolling_mean_5,0.2681212,0.48936,5,0.7318788
wavelet_energy_2_mean_stability_5,0.12286060000000001,0.137579,5,0.8771394
wavelet_energy_2_std,0.2663284,0.333185,5,0.7336716
wavelet_energy_2_std_lag1,0.2631446,0.345221,5,0.7368554
wavelet_energy_2_std_lag3,0.26485159999999996,0.335121,5,0.7351484
wavelet_energy_2_std_rolling_mean_5,0.2762466,0.339675,5,0.7237534
wavelet_energy_2_std_stability_5,0.18903799999999998,0.262671,5,0.810962
wavelet_energy_3_max,0.26815880000000003,0.493658,5,0.7318412
wavelet_energy_3_max_lag1,0.26887439999999996,0.496166,5,0.7311256
wavelet_energy_3_max_lag3,0.2662348,0.493558,5,0.7337652
wavelet_energy_3_max_rolling_mean_5,0.28107800000000005,0.516431,5,0.718922
wavelet_energy_3_max_stability_5,0.1957992,0.37919,5,0.8042008
wavelet_energy_3_mean,0.2606492,0.431641,5,0.7393508
wavelet_energy_3_mean_lag1,0.260528,0.427628,5,0.739472
wavelet_energy_3_mean_lag3,0.26168779999999997,0.424543,5,0.7383122
wavelet_energy_3_mean_rolling_mean_5,0.2674724,0.431365,5,0.7325276000000001
wavelet_energy_3_mean_stability_5,0.1524532,0.289652,5,0.8475467999999999
wavelet_energy_3_std,0.2647478,0.502488,5,0.7352522
wavelet_energy_3_std_lag1,0.263129,0.505637,5,0.736871
wavelet_energy_3_std_lag3,0.2631016,0.505165,5,0.7368984000000001
wavelet_energy_3_std_rolling_mean_5,0.2750928,0.516953,5,0.7249072
wavelet_energy_3_std_stability_5,0.1919282,0.388848,5,0.8080718
wavelet_energy_4_max,0.2915482,0.550148,5,0.7084518
wavelet_energy_4_max_lag1,0.2930002,0.55584,5,0.7069998
wavelet_energy_4_max_lag3,0.29323499999999997,0.54424,5,0.7067650000000001
wavelet_energy_4_max_rolling_mean_5,0.2962042,0.539827,5,0.7037958
wavelet_energy_4_max_stability_5,0.225304,0.40628,5,0.774696
wavelet_energy_4_mean,0.2598834,0.518547,5,0.7401166
wavelet_energy_4_mean_lag1,0.2596324,0.520204,5,0.7403676
wavelet_energy_4_mean_lag3,0.2589858,0.511597,5,0.7410142
wavelet_energy_4_mean_rolling_mean_5,0.2602474,0.513169,5,0.7397526
wavelet_energy_4_mean_stability_5,0.206219,0.361442,5,0.793781
wavelet_energy_4_std,0.2832014,0.549811,5,0.7167986
wavelet_energy_4_std_lag1,0.2855248,0.54839,5,0.7144752
wavelet_energy_4_std_lag3,0.28506360000000003,0.548397,5,0.7149364
wavelet_energy_4_std_rolling_mean_5,0.2857484,0.537463,5,0.7142516
wavelet_energy_4_std_stability_5,0.21949800000000003,0.413108,5,0.780502
wavelet_energy_5_max,0.3574778,0.552076,5,0.6425221999999999
wavelet_energy_5_max_lag1,0.3581652,0.554777,5,0.6418348
wavelet_energy_5_max_lag3,0.35649699999999995,0.564325,5,0.643503
wavelet_energy_5_max_rolling_mean_5,0.35287119999999994,0.544356,5,0.6471288000000001
wavelet_energy_5_max_stability_5,0.230377,0.426077,5,0.769623
wavelet_energy_5_mean,0.30126359999999996,0.549578,5,0.6987364
wavelet_energy_5_mean_lag1,0.29926980000000003,0.543456,5,0.7007302
wavelet_energy_5_mean_lag3,0.3006636,0.552357,5,0.6993364
wavelet_energy_5_mean_rolling_mean_5,0.29673479999999997,0.527237,5,0.7032652
wavelet_energy_5_mean_stability_5,0.21347839999999998,0.410926,5,0.7865216
wavelet_energy_5_std,0.34500959999999997,0.542685,5,0.6549904
wavelet_energy_5_std_lag1,0.34425,0.552835,5,0.65575
wavelet_energy_5_std_lag3,0.3468434,0.551678,5,0.6531566
wavelet_energy_5_std_rolling_mean_5,0.340333,0.525735,5,0.659667
wavelet_energy_5_std_stability_5,0.2198932,0.410955,5,0.7801068
zero_crossings_max,0.372578,0.693094,5,0.6274219999999999
zero_crossings_max_lag1,0.3719414,0.698308,5,0.6280586
zero_crossings_max_lag3,0.3719986,0.694893,5,0.6280014
zero_crossings_max_rolling_mean_5,0.388196,0.700973,5,0.611804
zero_crossings_max_stability_5,0.12008839999999998,0.300089,5,0.8799116
zero_crossings_mean,0.3093734,0.718906,5,0.6906266
zero_crossings_mean_lag1,0.30803020000000003,0.70532,5,0.6919698
zero_crossings_mean_lag3,0.3098182,0.715714,5,0.6901818
zero_crossings_mean_rolling_mean_5,0.31379060000000003,0.717892,5,0.6862094
zero_crossings_mean_stability_5,0.1225784,0.340844,5,0.8774216
zero_crossings_std,0.32141359999999997,0.662181,5,0.6785864
zero_crossings_std_lag1,0.3199092,0.657282,5,0.6800908
zero_crossings_std_lag3,0.31914,0.661417,5,0.68086
zero_crossings_std_rolling_mean_5,0.3271788,0.660981,5,0.6728212
zero_crossings_std_stability_5,0.1281458,0.329385,5,0.8718542
