threshold,precision,recall,specificity,f1,balanced_accuracy,mcc,kappa
0.01,0.006661299232496092,1.0,0.0,0.013234439900639538,0.5,0.0,0.0
0.02,0.006661299232496092,1.0,0.0,0.013234439900639538,0.5,0.0,0.0
0.03,0.006661299232496092,1.0,0.0,0.013234439900639538,0.5,0.0,0.0
0.04,0.006661299232496092,1.0,0.0,0.013234439900639538,0.5,0.0,0.0
0.05,0.006661299232496092,1.0,0.0,0.013234439900639538,0.5,0.0,0.0
0.060000000000000005,0.006661299232496092,1.0,0.0,0.013234439900639538,0.5,0.0,0.0
0.06999999999999999,0.006661299232496092,1.0,0.0,0.013234439900639538,0.5,0.0,0.0
0.08,0.006661299232496092,1.0,0.0,0.013234439900639538,0.5,0.0,0.0
0.09,0.0066615928465012676,1.0,4.437121550507755e-05,0.013235019382560366,0.5000221856077526,0.0005436754287248879,5.911657687818206e-07
0.09999999999999999,0.006712959535689433,1.0,0.007747214227186539,0.013336392408786606,0.5038736071135933,0.00721156956712065,0.00010400806212296221
0.11,0.0069122245100282165,0.9995588883987648,0.03697009675883061,0.013729505713558646,0.5182644925787977,0.01579791106178192,0.0005050868096733163
0.12,0.00837249004794537,0.9258932509925011,0.26461218078608045,0.016594918744984564,0.5952527158892907,0.03518372962492924,0.003437092352170379
0.13,0.009129418638621092,0.882223202470225,0.3578834338587871,0.018071826474322195,0.620053318164506,0.04078373520137089,0.004950964974541283
0.14,0.009868711815936565,0.8372298191442435,0.4367015030009732,0.019507482321986517,0.6369656610726084,0.04494849544550864,0.006424688730167549
0.15000000000000002,0.010439052570768341,0.7970886634318483,0.4933014254992501,0.020608210210586942,0.6451950444655492,0.04725031179075492,0.00755721553255706
0.16,0.010927513738257023,0.7640052933392149,0.5362705105943673,0.02154684448204222,0.650137901966791,0.048966718819945486,0.008524072599834787
0.17,0.011340780604479234,0.7362152624614028,0.5696021676817815,0.02233747114129889,0.6529087150715922,0.05021369329664625,0.009339521917508531
0.18000000000000002,0.01170975450792961,0.7132774591971769,0.5963018070917034,0.023041244825694477,0.6547896331444402,0.051284295330338577,0.010065764748146688
0.19,0.01214291752807089,0.6969563299514777,0.6197771381749232,0.02386995407299976,0.6583667340632005,0.05301808962393676,0.010918468875369958
0.2,0.012550090630512002,0.6810763123070137,0.6406434417864443,0.024646032531485944,0.660859877046729,0.05447175558488806,0.01171777234568816
0.21000000000000002,0.012971272370931972,0.6656374062637848,0.6603383453086313,0.025446665711081694,0.662987875786208,0.055903419876110805,0.012542628549133239
0.22,0.013535703593493428,0.6581385090427878,0.6783530588036929,0.026525859156932816,0.6682457839232403,0.05849186114438504,0.013649927956471464
0.23,0.014027075517860055,0.6449051610057345,0.6960128025747138,0.027456945931226173,0.6704589817902241,0.06016380003176141,0.014608432647980618
0.24000000000000002,0.014540647719762063,0.6307895897662108,0.7133175766216939,0.028426032679998412,0.6720535831939524,0.06175177745933271,0.015606859339847401
0.25,0.015120304563053395,0.6184384649316277,0.7298650819240542,0.029518896725971154,0.6741517734278409,0.0636368522096981,0.016731842686905307
0.26,0.01574893271222717,0.6069695632995148,0.7456198215093904,0.030701265088466944,0.6762946924044526,0.06565780946216893,0.017948678782182537
0.27,0.016471702926278198,0.5981473312748126,0.7604930529466924,0.032060527249083814,0.6793201921107526,0.06812533154252887,0.01934580158193666
0.28,0.01718979702370206,0.588001764446405,0.7745557701807684,0.03340307969879594,0.6812787673135867,0.07031102995507392,0.020727191506794362
0.29000000000000004,0.017845883933221854,0.5743273048081164,0.7880357454512109,0.03461615154536391,0.6811815251296637,0.07182490891901407,0.021979039829388425
0.3,0.018586820782388987,0.564622849580944,0.8000751352582552,0.035988922159897664,0.6823489924195996,0.07384147080739556,0.023392631647467632
0.31,0.019465431547848033,0.5580061755624173,0.8115051603723632,0.037618580307491004,0.6847556679673903,0.07647209010499674,0.0250677708678001
0.32,0.02025878970069272,0.5469783855315394,0.8226097965727673,0.03907050019692792,0.6847940910521534,0.07827847236884618,0.026564991014308315
0.33,0.021041875930864883,0.5359505955006617,0.8327885534096321,0.04049392591111333,0.6843695744551469,0.07991380638468343,0.028034000442078266
0.34,0.021866022579641726,0.5271283634759594,0.8418728202640383,0.04199023156119329,0.6845005918699989,0.0817550957806933,0.029576604941023543
0.35000000000000003,0.02268376167546557,0.5174239082487869,0.8505045007202927,0.043462151246804255,0.6839642044845398,0.0833747675907801,0.031095963053066278
0.36000000000000004,0.023553162853297442,0.5094838994265549,0.8583582058646915,0.04502485137900789,0.6839210526456232,0.08520321562768686,0.032707428590865395
0.37,0.024374021069796383,0.5011027790030878,0.8654930973179079,0.04648688464214102,0.6832979381604978,0.08673975390439922,0.034216963362866726
0.38,0.025260399014889627,0.49316277018085575,0.8723854261263633,0.04805914972273567,0.6827740981536095,0.08840382144743283,0.035839916128149185
0.39,0.026294440467668816,0.48610498456109397,0.8792866291779197,0.04989021436494104,0.6826958068695068,0.09045047973244284,0.03772812551896765
0.4,0.027425255456036333,0.47948831054256724,0.8859718923140181,0.05188296501360316,0.6827301014282927,0.09267500453006201,0.039782482923741425
0.41000000000000003,0.028573713249993336,0.4728716365240406,0.89219273672783,0.05389101146189423,0.6825321866259353,0.09481851990247012,0.041853393343857404
0.42000000000000004,0.029876779384459574,0.46846052051168946,0.8979935336348603,0.05617115806733134,0.6832270270732749,0.09746598623396044,0.04420085410296337
0.43,0.031298484306003106,0.462726069695633,0.9039599830797765,0.05863119358354526,0.6833430263877047,0.100104980976331,0.04673583219576427
0.44,0.032938949361097966,0.46052051168945746,0.9093318582369245,0.06148047818149697,0.684926184963191,0.10352265190287091,0.04966467329950974
0.45,0.0345658357035302,0.4556682840758712,0.9146534460165002,0.0642572779298333,0.6851608650461857,0.10643516931935872,0.05252446324355764
0.46,0.03608320362247064,0.44993383325981473,0.9193982079945098,0.06680858031766826,0.6846660206271622,0.10886139693140852,0.05515534523808452
0.47000000000000003,0.03761684874422795,0.4419938244375827,0.9241695927018225,0.06933296429559922,0.6830817085697026,0.11089316102335485,0.0577644985658432
0.48000000000000004,0.039545997610513736,0.43802382002646667,0.9286599597109363,0.07254264528618913,0.6833418898687015,0.1141001776411636,0.06106947996503087
0.49,0.04156995146655412,0.4344949272165858,0.9328219797253126,0.07588013250134812,0.6836584534709491,0.11739725547569645,0.06450519852252357
0.5,0.04371854780733286,0.42920158800176444,0.9370431613603623,0.07935407576560781,0.6831223746810633,0.12050597709491705,0.06808630121271331
0.51,0.046178191234295576,0.42479047198941333,0.9411608101592335,0.08330089528999611,0.6829756410743234,0.12411785863424762,0.07215156623421715
0.52,0.04869467672853355,0.42126157917953244,0.9448110821547846,0.08729832259244023,0.6830363306671585,0.1277819395506423,0.07626694269957979
0.53,0.051735428945645055,0.4181737979708866,0.9486003839589182,0.09207906366859309,0.6833870909649025,0.13218476592527462,0.08118576278896361
0.54,0.0547945205479452,0.41288045875606527,0.9522388236303345,0.09674918600444467,0.6825596411931999,0.1360260993165408,0.08599900441204444
0.55,0.05765245242730641,0.40494044993383327,0.9556139940897541,0.10093457943925233,0.6802772220117936,0.1388794665786736,0.09032576065421039
0.56,0.06147098515519568,0.4018526687251875,0.9588560509026585,0.10663077193187805,0.680354359813923,0.14377226039472296,0.09618718179793462
0.5700000000000001,0.06496234067207415,0.3956771063078959,0.9618082157742629,0.11160186625194399,0.6787426610410794,0.14738772608845457,0.1013175602289047
0.5800000000000001,0.06885783433523304,0.3890604322893692,0.964718967511396,0.11700716370390024,0.6768896999003826,0.1512098410901232,0.10689790892983153
0.59,0.07310089270675425,0.38288486987207765,0.9674433601434078,0.12276359521957429,0.6751641150077428,0.15529687123995262,0.11283910399844721
0.6,0.07793983591613492,0.37715041905602115,0.9700790103444094,0.129183349701594,0.6736147147002153,0.15991988482639116,0.11946137676683011
0.61,0.08315206644255488,0.3709748566387296,0.972569714574761,0.13585332364106292,0.6717722856067453,0.16456869734454035,0.12634517319072402
0.62,0.08897985565011311,0.3643581826202029,0.9749835086982372,0.14303030303030304,0.6696708456592201,0.1694622150766827,0.13375482861729338
0.63,0.09467386203660254,0.35597706219673575,0.9771724886631544,0.14956908534890184,0.6665747754299451,0.17342034559558703,0.14052417318640686
0.64,0.1019859064702114,0.3511248345831495,0.979266810034994,0.1580619539316918,0.6651958223090718,0.1795374678917018,0.1492791496261887
0.65,0.11012282930961458,0.34406704896338774,0.9813552152447664,0.16684491978609628,0.6627111321040771,0.18543006633115258,0.15835065569980422
0.66,0.1193004372267333,0.33700926334362596,0.9833164229700908,0.1762195825164341,0.6601628431568584,0.19176335285927867,0.16803348482779323
0.67,0.12950138504155126,0.32995147772386413,0.985126768562698,0.18600024866343406,0.657539123143281,0.1984249753006424,0.17813708274024986
0.68,0.14324960753532182,0.3220114689016321,0.9870850182069888,0.19828874100230887,0.6545482435543104,0.20702840835695177,0.19082761090425393
0.6900000000000001,0.15845070422535212,0.317600352889281,0.9886882981272389,0.21142269857583323,0.65314432550826,0.21707262494286927,0.2043507673356687
0.7000000000000001,0.17293048391058707,0.3105425672695192,0.9900401411596269,0.2221520984537709,0.6502913542145731,0.22490602243784563,0.2154383528606837
0.7100000000000001,0.19213608477412158,0.3039258932509925,0.9914304392454527,0.23543481975055527,0.6476781662482226,0.23529668389722133,0.22914273345224168
0.72,0.2156360140980455,0.2968681076312307,0.9927586176295713,0.24981440237564959,0.644813362630401,0.24715349786326155,0.24398010793532865
0.73,0.24647364513734224,0.29289810322011467,0.9939950955016462,0.2676879661358597,0.6434465993608804,0.26334293360967803,0.2623513389841443
0.74,0.2813852813852814,0.2867225408028231,0.9950895854841048,0.28402883985143107,0.640906063143464,0.2791946353547746,0.27918214652100304
0.75,0.31977630910015253,0.2774591971768858,0.9960420875769471,0.29711856400566844,0.6367506423769165,0.29348799043283946,0.29274111741959785
0.76,0.36626506024096384,0.2681958535509484,0.9968880987525772,0.309651133180545,0.6325419761517628,0.3095035273488593,0.3057413069863938
0.77,0.4139167862266858,0.2545213939126599,0.9975832477954901,0.31521442228899205,0.626052320854075,0.3210814206192092,0.31172289608126436
0.78,0.495985727029438,0.24525805028672254,0.9983286842159754,0.3282172373081464,0.6217933672513489,0.3458133152186145,0.32524284225692346
0.79,0.5595628415300546,0.2258491398323776,0.9988078933434302,0.3218101822752985,0.6123285165879039,0.352913703183635,0.3192020591434097
0.8,0.6186770428015564,0.21041023378914867,0.9991303241761005,0.31402238314680714,0.6047702789826246,0.35851542656937674,0.31169516891007143
0.81,0.6854961832061068,0.1980591089545655,0.9993906353070636,0.30732375085557834,0.5987248721308146,0.36646178769295057,0.3052489364848455
0.8200000000000001,0.701048951048951,0.1768857520952801,0.9994941681432421,0.28249383585769633,0.5881899601192611,0.35026024177648235,0.2805627013485791
0.8300000000000001,0.8220720720720721,0.16100573445081606,0.99976631159834,0.2692733308742161,0.580386023024578,0.36230720907460356,0.26767544415137967
0.8400000000000001,0.8417085427135679,0.14777238641376267,0.9998136408948787,0.25140712945590993,0.5737930136543207,0.35126286667980755,0.24991472878672194
0.85,0.8947368421052632,0.1274812527569475,0.9998994252448552,0.22316602316602316,0.5636903390009014,0.33649833867851664,0.2218731912192592
0.86,0.9317269076305221,0.1023378914865461,0.9999497126224276,0.18441971383147854,0.5511438020544869,0.3077206959066306,0.18334295768253472
0.87,0.9588235294117647,0.07190119100132333,0.9999792934327643,0.13377102995486254,0.5359402422170438,0.2616793606940634,0.1329652455884297
0.88,0.0,0.0,1.0,0.0,0.5,0.0,0.0
0.89,0.0,0.0,1.0,0.0,0.5,0.0,0.0
0.9,0.0,0.0,1.0,0.0,0.5,0.0,0.0
0.91,0.0,0.0,1.0,0.0,0.5,0.0,0.0
0.92,0.0,0.0,1.0,0.0,0.5,0.0,0.0
0.93,0.0,0.0,1.0,0.0,0.5,0.0,0.0
0.9400000000000001,0.0,0.0,1.0,0.0,0.5,0.0,0.0
0.9500000000000001,0.0,0.0,1.0,0.0,0.5,0.0,0.0
0.9600000000000001,0.0,0.0,1.0,0.0,0.5,0.0,0.0
0.97,0.0,0.0,1.0,0.0,0.5,0.0,0.0
0.98,0.0,0.0,1.0,0.0,0.5,0.0,0.0
0.99,0.0,0.0,1.0,0.0,0.5,0.0,0.0
